,lookback_window,minimum_occurrence,minimum_length,alpha,size,strategy,win_rate,sharpe,mdd
0,20,10,1,0.05,binary,Buy & Hold,0.5270935960591133,-0.44173780813578023,0.8316633607425912
1,20,10,1,0.05,binary,Momentum,0.4236453201970443,-1.6869624586506915,0.9984606765107172
2,20,10,1,0.05,binary,Mom. Rev.,0.5763546798029556,1.6869624586506915,0.7818472111793797
3,20,10,1,0.05,binary,Strategy,0.4827586206896552,-0.5216450539442843,0.9880989481952455
4,20,10,1,0.05,continuous,Buy & Hold,0.5270935960591133,-0.44173780813578023,0.8316633607425912
5,20,10,1,0.05,continuous,Momentum,0.4236453201970443,-1.6869624586506915,0.9984606765107172
6,20,10,1,0.05,continuous,Mom. Rev.,0.5763546798029556,1.6869624586506915,0.7818472111793797
7,20,10,1,0.05,continuous,Strategy,0.47044334975369456,-0.2587264402109185,0.7662500940352859
8,20,10,1,0.05,trinary,Buy & Hold,0.5270935960591133,-0.44173780813578023,0.8316633607425912
9,20,10,1,0.05,trinary,Momentum,0.4236453201970443,-1.6869624586506915,0.9984606765107172
10,20,10,1,0.05,trinary,Mom. Rev.,0.5763546798029556,1.6869624586506915,0.7818472111793797
11,20,10,1,0.05,trinary,Strategy,0.1724137931034483,0.3848761087604127,0.9234757794834592
12,20,10,1,0.1,binary,Buy & Hold,0.5270935960591133,-0.44173780813578023,0.8316633607425912
13,20,10,1,0.1,binary,Momentum,0.4236453201970443,-1.6869624586506915,0.9984606765107172
14,20,10,1,0.1,binary,Mom. Rev.,0.5763546798029556,1.6869624586506915,0.7818472111793797
15,20,10,1,0.1,binary,Strategy,0.5147783251231527,0.43580782253865874,0.9870849917096584
16,20,10,1,0.1,continuous,Buy & Hold,0.5270935960591133,-0.44173780813578023,0.8316633607425912
17,20,10,1,0.1,continuous,Momentum,0.4236453201970443,-1.6869624586506915,0.9984606765107172
18,20,10,1,0.1,continuous,Mom. Rev.,0.5763546798029556,1.6869624586506915,0.7818472111793797
19,20,10,1,0.1,continuous,Strategy,0.5123152709359606,0.14695571643774274,0.7675829067166038
20,20,10,1,0.1,trinary,Buy & Hold,0.5270935960591133,-0.44173780813578023,0.8316633607425912
21,20,10,1,0.1,trinary,Momentum,0.4236453201970443,-1.6869624586506915,0.9984606765107172
22,20,10,1,0.1,trinary,Mom. Rev.,0.5763546798029556,1.6869624586506915,0.7818472111793797
23,20,10,1,0.1,trinary,Strategy,0.20689655172413793,0.19892267592782298,0.8658923947076483
24,20,10,1,0.2,binary,Buy & Hold,0.5270935960591133,-0.44173780813578023,0.8316633607425912
25,20,10,1,0.2,binary,Momentum,0.4236453201970443,-1.6869624586506915,0.9984606765107172
26,20,10,1,0.2,binary,Mom. Rev.,0.5763546798029556,1.6869624586506915,0.7818472111793797
27,20,10,1,0.2,binary,Strategy,0.47783251231527096,-0.33301911725791816,0.9917089799713538
28,20,10,1,0.2,continuous,Buy & Hold,0.5270935960591133,-0.44173780813578023,0.8316633607425912
29,20,10,1,0.2,continuous,Momentum,0.4236453201970443,-1.6869624586506915,0.9984606765107172
30,20,10,1,0.2,continuous,Mom. Rev.,0.5763546798029556,1.6869624586506915,0.7818472111793797
31,20,10,1,0.2,continuous,Strategy,0.47783251231527096,-0.45041880276679386,0.703821973324414
32,20,10,1,0.2,trinary,Buy & Hold,0.5270935960591133,-0.44173780813578023,0.8316633607425912
33,20,10,1,0.2,trinary,Momentum,0.4236453201970443,-1.6869624586506915,0.9984606765107172
34,20,10,1,0.2,trinary,Mom. Rev.,0.5763546798029556,1.6869624586506915,0.7818472111793797
35,20,10,1,0.2,trinary,Strategy,0.13793103448275862,-0.5472792289148413,0.886679892186638
36,20,10,3,0.05,binary,Buy & Hold,0.5270935960591133,-0.44173780813578023,0.8316633607425912
37,20,10,3,0.05,binary,Momentum,0.4236453201970443,-1.6869624586506915,0.9984606765107172
38,20,10,3,0.05,binary,Mom. Rev.,0.5763546798029556,1.6869624586506915,0.7818472111793797
39,20,10,3,0.05,binary,Strategy,0.4753694581280788,-0.5505772174277263,0.9926105537495075
40,20,10,3,0.05,continuous,Buy & Hold,0.5270935960591133,-0.44173780813578023,0.8316633607425912
41,20,10,3,0.05,continuous,Momentum,0.4236453201970443,-1.6869624586506915,0.9984606765107172
42,20,10,3,0.05,continuous,Mom. Rev.,0.5763546798029556,1.6869624586506915,0.7818472111793797
43,20,10,3,0.05,continuous,Strategy,0.4630541871921182,-0.21569003789013755,0.7626011138114899
44,20,10,3,0.05,trinary,Buy & Hold,0.5270935960591133,-0.44173780813578023,0.8316633607425912
45,20,10,3,0.05,trinary,Momentum,0.4236453201970443,-1.6869624586506915,0.9984606765107172
46,20,10,3,0.05,trinary,Mom. Rev.,0.5763546798029556,1.6869624586506915,0.7818472111793797
47,20,10,3,0.05,trinary,Strategy,0.17733990147783252,0.5282851407322183,0.9324635486490589
48,20,10,3,0.1,binary,Buy & Hold,0.5270935960591133,-0.44173780813578023,0.8316633607425912
49,20,10,3,0.1,binary,Momentum,0.4236453201970443,-1.6869624586506915,0.9984606765107172
50,20,10,3,0.1,binary,Mom. Rev.,0.5763546798029556,1.6869624586506915,0.7818472111793797
51,20,10,3,0.1,binary,Strategy,0.5049261083743842,-0.8973320150709062,0.9979981817970556
52,20,10,3,0.1,continuous,Buy & Hold,0.5270935960591133,-0.44173780813578023,0.8316633607425912
53,20,10,3,0.1,continuous,Momentum,0.4236453201970443,-1.6869624586506915,0.9984606765107172
54,20,10,3,0.1,continuous,Mom. Rev.,0.5763546798029556,1.6869624586506915,0.7818472111793797
55,20,10,3,0.1,continuous,Strategy,0.5024630541871922,0.2928049499168635,0.7520689611036165
56,20,10,3,0.1,trinary,Buy & Hold,0.5270935960591133,-0.44173780813578023,0.8316633607425912
57,20,10,3,0.1,trinary,Momentum,0.4236453201970443,-1.6869624586506915,0.9984606765107172
58,20,10,3,0.1,trinary,Mom. Rev.,0.5763546798029556,1.6869624586506915,0.7818472111793797
59,20,10,3,0.1,trinary,Strategy,0.19950738916256158,0.8256600125532111,0.7646924419705421
60,20,10,3,0.2,binary,Buy & Hold,0.5270935960591133,-0.44173780813578023,0.8316633607425912
61,20,10,3,0.2,binary,Momentum,0.4236453201970443,-1.6869624586506915,0.9984606765107172
62,20,10,3,0.2,binary,Mom. Rev.,0.5763546798029556,1.6869624586506915,0.7818472111793797
63,20,10,3,0.2,binary,Strategy,0.46798029556650245,-0.41186615255140396,0.9901835850675775
64,20,10,3,0.2,continuous,Buy & Hold,0.5270935960591133,-0.44173780813578023,0.8316633607425912
65,20,10,3,0.2,continuous,Momentum,0.4236453201970443,-1.6869624586506915,0.9984606765107172
66,20,10,3,0.2,continuous,Mom. Rev.,0.5763546798029556,1.6869624586506915,0.7818472111793797
67,20,10,3,0.2,continuous,Strategy,0.46798029556650245,-0.4894720507463968,0.7078921770008142
68,20,10,3,0.2,trinary,Buy & Hold,0.5270935960591133,-0.44173780813578023,0.8316633607425912
69,20,10,3,0.2,trinary,Momentum,0.4236453201970443,-1.6869624586506915,0.9984606765107172
70,20,10,3,0.2,trinary,Mom. Rev.,0.5763546798029556,1.6869624586506915,0.7818472111793797
71,20,10,3,0.2,trinary,Strategy,0.12561576354679804,-0.16060077428138306,0.8195363880003246
72,20,10,5,0.05,binary,Buy & Hold,0.5270935960591133,-0.44173780813578023,0.8316633607425912
73,20,10,5,0.05,binary,Momentum,0.4236453201970443,-1.6869624586506915,0.9984606765107172
74,20,10,5,0.05,binary,Mom. Rev.,0.5763546798029556,1.6869624586506915,0.7818472111793797
75,20,10,5,0.05,binary,Strategy,0.5172413793103449,-0.4912432845432954,0.9898440716237881
76,20,10,5,0.05,continuous,Buy & Hold,0.5270935960591133,-0.44173780813578023,0.8316633607425912
77,20,10,5,0.05,continuous,Momentum,0.4236453201970443,-1.6869624586506915,0.9984606765107172
78,20,10,5,0.05,continuous,Mom. Rev.,0.5763546798029556,1.6869624586506915,0.7818472111793797
79,20,10,5,0.05,continuous,Strategy,0.4975369458128079,-0.6298730562341248,0.6773501633457533
80,20,10,5,0.05,trinary,Buy & Hold,0.5270935960591133,-0.44173780813578023,0.8316633607425912
81,20,10,5,0.05,trinary,Momentum,0.4236453201970443,-1.6869624586506915,0.9984606765107172
82,20,10,5,0.05,trinary,Mom. Rev.,0.5763546798029556,1.6869624586506915,0.7818472111793797
83,20,10,5,0.05,trinary,Strategy,0.16009852216748768,-0.1308809433644349,0.9445053115700933
84,20,10,5,0.1,binary,Buy & Hold,0.5270935960591133,-0.44173780813578023,0.8316633607425912
85,20,10,5,0.1,binary,Momentum,0.4236453201970443,-1.6869624586506915,0.9984606765107172
86,20,10,5,0.1,binary,Mom. Rev.,0.5763546798029556,1.6869624586506915,0.7818472111793797
87,20,10,5,0.1,binary,Strategy,0.5073891625615764,-0.6175200531895562,0.9967507151171447
88,20,10,5,0.1,continuous,Buy & Hold,0.5270935960591133,-0.44173780813578023,0.8316633607425912
89,20,10,5,0.1,continuous,Momentum,0.4236453201970443,-1.6869624586506915,0.9984606765107172
90,20,10,5,0.1,continuous,Mom. Rev.,0.5763546798029556,1.6869624586506915,0.7818472111793797
91,20,10,5,0.1,continuous,Strategy,0.5049261083743842,-0.12150158469048009,0.7071748435083207
92,20,10,5,0.1,trinary,Buy & Hold,0.5270935960591133,-0.44173780813578023,0.8316633607425912
93,20,10,5,0.1,trinary,Momentum,0.4236453201970443,-1.6869624586506915,0.9984606765107172
94,20,10,5,0.1,trinary,Mom. Rev.,0.5763546798029556,1.6869624586506915,0.7818472111793797
95,20,10,5,0.1,trinary,Strategy,0.19458128078817735,-0.1662683189142123,0.8264996512052348
96,20,10,5,0.2,binary,Buy & Hold,0.5270935960591133,-0.44173780813578023,0.8316633607425912
97,20,10,5,0.2,binary,Momentum,0.4236453201970443,-1.6869624586506915,0.9984606765107172
98,20,10,5,0.2,binary,Mom. Rev.,0.5763546798029556,1.6869624586506915,0.7818472111793797
99,20,10,5,0.2,binary,Strategy,0.4729064039408867,-0.941316647618483,0.9954653174923621
100,20,10,5,0.2,continuous,Buy & Hold,0.5270935960591133,-0.44173780813578023,0.8316633607425912
101,20,10,5,0.2,continuous,Momentum,0.4236453201970443,-1.6869624586506915,0.9984606765107172
102,20,10,5,0.2,continuous,Mom. Rev.,0.5763546798029556,1.6869624586506915,0.7818472111793797
103,20,10,5,0.2,continuous,Strategy,0.4729064039408867,-0.7362128127761072,0.6674717213033611
104,20,10,5,0.2,trinary,Buy & Hold,0.5270935960591133,-0.44173780813578023,0.8316633607425912
105,20,10,5,0.2,trinary,Momentum,0.4236453201970443,-1.6869624586506915,0.9984606765107172
106,20,10,5,0.2,trinary,Mom. Rev.,0.5763546798029556,1.6869624586506915,0.7818472111793797
107,20,10,5,0.2,trinary,Strategy,0.13054187192118227,-0.8664948621841083,0.8683294340887977
108,20,50,1,0.05,binary,Buy & Hold,0.5270935960591133,-0.44173780813578023,0.8316633607425912
109,20,50,1,0.05,binary,Momentum,0.4236453201970443,-1.6869624586506915,0.9984606765107172
110,20,50,1,0.05,binary,Mom. Rev.,0.5763546798029556,1.6869624586506915,0.7818472111793797
111,20,50,1,0.05,binary,Strategy,0.46551724137931033,-0.5494169873358885,0.9875787848636578
112,20,50,1,0.05,continuous,Buy & Hold,0.5270935960591133,-0.44173780813578023,0.8316633607425912
113,20,50,1,0.05,continuous,Momentum,0.4236453201970443,-1.6869624586506915,0.9984606765107172
114,20,50,1,0.05,continuous,Mom. Rev.,0.5763546798029556,1.6869624586506915,0.7818472111793797
115,20,50,1,0.05,continuous,Strategy,0.46551724137931033,-0.636827288113337,0.5083462336198953
116,20,50,1,0.05,trinary,Buy & Hold,0.5270935960591133,-0.44173780813578023,0.8316633607425912
117,20,50,1,0.05,trinary,Momentum,0.4236453201970443,-1.6869624586506915,0.9984606765107172
118,20,50,1,0.05,trinary,Mom. Rev.,0.5763546798029556,1.6869624586506915,0.7818472111793797
119,20,50,1,0.05,trinary,Strategy,0.06157635467980296,-0.8426163752857811,0.5582075099417987
120,20,50,1,0.1,binary,Buy & Hold,0.5270935960591133,-0.44173780813578023,0.8316633607425912
121,20,50,1,0.1,binary,Momentum,0.4236453201970443,-1.6869624586506915,0.9984606765107172
122,20,50,1,0.1,binary,Mom. Rev.,0.5763546798029556,1.6869624586506915,0.7818472111793797
123,20,50,1,0.1,binary,Strategy,0.45073891625615764,-0.12676314987027834,0.9838425904959988
124,20,50,1,0.1,continuous,Buy & Hold,0.5270935960591133,-0.44173780813578023,0.8316633607425912
125,20,50,1,0.1,continuous,Momentum,0.4236453201970443,-1.6869624586506915,0.9984606765107172
126,20,50,1,0.1,continuous,Mom. Rev.,0.5763546798029556,1.6869624586506915,0.7818472111793797
127,20,50,1,0.1,continuous,Strategy,0.45073891625615764,-1.060744612608282,0.591150187104521
128,20,50,1,0.1,trinary,Buy & Hold,0.5270935960591133,-0.44173780813578023,0.8316633607425912
129,20,50,1,0.1,trinary,Momentum,0.4236453201970443,-1.6869624586506915,0.9984606765107172
130,20,50,1,0.1,trinary,Mom. Rev.,0.5763546798029556,1.6869624586506915,0.7818472111793797
131,20,50,1,0.1,trinary,Strategy,0.0665024630541872,-0.4986572172953973,0.7171505600969879
132,20,50,1,0.2,binary,Buy & Hold,0.5270935960591133,-0.44173780813578023,0.8316633607425912
133,20,50,1,0.2,binary,Momentum,0.4236453201970443,-1.6869624586506915,0.9984606765107172
134,20,50,1,0.2,binary,Mom. Rev.,0.5763546798029556,1.6869624586506915,0.7818472111793797
135,20,50,1,0.2,binary,Strategy,0.47783251231527096,0.16177312753801754,0.9535903062906249
136,20,50,1,0.2,continuous,Buy & Hold,0.5270935960591133,-0.44173780813578023,0.8316633607425912
137,20,50,1,0.2,continuous,Momentum,0.4236453201970443,-1.6869624586506915,0.9984606765107172
138,20,50,1,0.2,continuous,Mom. Rev.,0.5763546798029556,1.6869624586506915,0.7818472111793797
139,20,50,1,0.2,continuous,Strategy,0.4729064039408867,-0.27614901815164783,0.456491189361912
140,20,50,1,0.2,trinary,Buy & Hold,0.5270935960591133,-0.44173780813578023,0.8316633607425912
141,20,50,1,0.2,trinary,Momentum,0.4236453201970443,-1.6869624586506915,0.9984606765107172
142,20,50,1,0.2,trinary,Mom. Rev.,0.5763546798029556,1.6869624586506915,0.7818472111793797
143,20,50,1,0.2,trinary,Strategy,0.08374384236453201,-0.34440375039615445,0.5949192421687561
144,20,50,3,0.05,binary,Buy & Hold,0.5270935960591133,-0.44173780813578023,0.8316633607425912
145,20,50,3,0.05,binary,Momentum,0.4236453201970443,-1.6869624586506915,0.9984606765107172
146,20,50,3,0.05,binary,Mom. Rev.,0.5763546798029556,1.6869624586506915,0.7818472111793797
147,20,50,3,0.05,binary,Strategy,0.45320197044334976,-1.2063535323571133,0.9988374526172418
148,20,50,3,0.05,continuous,Buy & Hold,0.5270935960591133,-0.44173780813578023,0.8316633607425912
149,20,50,3,0.05,continuous,Momentum,0.4236453201970443,-1.6869624586506915,0.9984606765107172
150,20,50,3,0.05,continuous,Mom. Rev.,0.5763546798029556,1.6869624586506915,0.7818472111793797
151,20,50,3,0.05,continuous,Strategy,0.45320197044334976,-0.6071453657704161,0.4676276616859524
152,20,50,3,0.05,trinary,Buy & Hold,0.5270935960591133,-0.44173780813578023,0.8316633607425912
153,20,50,3,0.05,trinary,Momentum,0.4236453201970443,-1.6869624586506915,0.9984606765107172
154,20,50,3,0.05,trinary,Mom. Rev.,0.5763546798029556,1.6869624586506915,0.7818472111793797
155,20,50,3,0.05,trinary,Strategy,0.046798029556650245,0.36293433953359466,0.3450345084055728
156,20,50,3,0.1,binary,Buy & Hold,0.5270935960591133,-0.44173780813578023,0.8316633607425912
157,20,50,3,0.1,binary,Momentum,0.4236453201970443,-1.6869624586506915,0.9984606765107172
158,20,50,3,0.1,binary,Mom. Rev.,0.5763546798029556,1.6869624586506915,0.7818472111793797
159,20,50,3,0.1,binary,Strategy,0.45566502463054187,-0.8049836356065351,0.9944574484876794
160,20,50,3,0.1,continuous,Buy & Hold,0.5270935960591133,-0.44173780813578023,0.8316633607425912
161,20,50,3,0.1,continuous,Momentum,0.4236453201970443,-1.6869624586506915,0.9984606765107172
162,20,50,3,0.1,continuous,Mom. Rev.,0.5763546798029556,1.6869624586506915,0.7818472111793797
163,20,50,3,0.1,continuous,Strategy,0.45566502463054187,-0.7180829587618578,0.5345547845971379
164,20,50,3,0.1,trinary,Buy & Hold,0.5270935960591133,-0.44173780813578023,0.8316633607425912
165,20,50,3,0.1,trinary,Momentum,0.4236453201970443,-1.6869624586506915,0.9984606765107172
166,20,50,3,0.1,trinary,Mom. Rev.,0.5763546798029556,1.6869624586506915,0.7818472111793797
167,20,50,3,0.1,trinary,Strategy,0.05665024630541872,-0.3841691267933193,0.7041134961190483
168,20,50,3,0.2,binary,Buy & Hold,0.5270935960591133,-0.44173780813578023,0.8316633607425912
169,20,50,3,0.2,binary,Momentum,0.4236453201970443,-1.6869624586506915,0.9984606765107172
170,20,50,3,0.2,binary,Mom. Rev.,0.5763546798029556,1.6869624586506915,0.7818472111793797
171,20,50,3,0.2,binary,Strategy,0.46798029556650245,0.015590112662222263,0.9396162591003421
172,20,50,3,0.2,continuous,Buy & Hold,0.5270935960591133,-0.44173780813578023,0.8316633607425912
173,20,50,3,0.2,continuous,Momentum,0.4236453201970443,-1.6869624586506915,0.9984606765107172
174,20,50,3,0.2,continuous,Mom. Rev.,0.5763546798029556,1.6869624586506915,0.7818472111793797
175,20,50,3,0.2,continuous,Strategy,0.46798029556650245,-0.0643383075383513,0.3936893278707142
176,20,50,3,0.2,trinary,Buy & Hold,0.5270935960591133,-0.44173780813578023,0.8316633607425912
177,20,50,3,0.2,trinary,Momentum,0.4236453201970443,-1.6869624586506915,0.9984606765107172
178,20,50,3,0.2,trinary,Mom. Rev.,0.5763546798029556,1.6869624586506915,0.7818472111793797
179,20,50,3,0.2,trinary,Strategy,0.07881773399014778,-0.28688120854214133,0.5279528512224049
180,20,50,5,0.05,binary,Buy & Hold,0.5270935960591133,-0.44173780813578023,0.8316633607425912
181,20,50,5,0.05,binary,Momentum,0.4236453201970443,-1.6869624586506915,0.9984606765107172
182,20,50,5,0.05,binary,Mom. Rev.,0.5763546798029556,1.6869624586506915,0.7818472111793797
183,20,50,5,0.05,binary,Strategy,0.5246305418719212,0.3438330988302,0.9439790174126746
184,20,50,5,0.05,continuous,Buy & Hold,0.5270935960591133,-0.44173780813578023,0.8316633607425912
185,20,50,5,0.05,continuous,Momentum,0.4236453201970443,-1.6869624586506915,0.9984606765107172
186,20,50,5,0.05,continuous,Mom. Rev.,0.5763546798029556,1.6869624586506915,0.7818472111793797
187,20,50,5,0.05,continuous,Strategy,0.5197044334975369,0.4990548363539869,0.21817407109908216
188,20,50,5,0.05,trinary,Buy & Hold,0.5270935960591133,-0.44173780813578023,0.8316633607425912
189,20,50,5,0.05,trinary,Momentum,0.4236453201970443,-1.6869624586506915,0.9984606765107172
190,20,50,5,0.05,trinary,Mom. Rev.,0.5763546798029556,1.6869624586506915,0.7818472111793797
191,20,50,5,0.05,trinary,Strategy,0.03940886699507389,-0.39539250346633914,0.5569812491245603
192,20,50,5,0.1,binary,Buy & Hold,0.5270935960591133,-0.44173780813578023,0.8316633607425912
193,20,50,5,0.1,binary,Momentum,0.4236453201970443,-1.6869624586506915,0.9984606765107172
194,20,50,5,0.1,binary,Mom. Rev.,0.5763546798029556,1.6869624586506915,0.7818472111793797
195,20,50,5,0.1,binary,Strategy,0.5246305418719212,0.7827237813603998,0.9011195007249845
196,20,50,5,0.1,continuous,Buy & Hold,0.5270935960591133,-0.44173780813578023,0.8316633607425912
197,20,50,5,0.1,continuous,Momentum,0.4236453201970443,-1.6869624586506915,0.9984606765107172
198,20,50,5,0.1,continuous,Mom. Rev.,0.5763546798029556,1.6869624586506915,0.7818472111793797
199,20,50,5,0.1,continuous,Strategy,0.5246305418719212,-0.3946185700322598,0.4011407453766881
200,20,50,5,0.1,trinary,Buy & Hold,0.5270935960591133,-0.44173780813578023,0.8316633607425912
201,20,50,5,0.1,trinary,Momentum,0.4236453201970443,-1.6869624586506915,0.9984606765107172
202,20,50,5,0.1,trinary,Mom. Rev.,0.5763546798029556,1.6869624586506915,0.7818472111793797
203,20,50,5,0.1,trinary,Strategy,0.054187192118226604,-0.8918450086490242,0.7010918486735893
204,20,50,5,0.2,binary,Buy & Hold,0.5270935960591133,-0.44173780813578023,0.8316633607425912
205,20,50,5,0.2,binary,Momentum,0.4236453201970443,-1.6869624586506915,0.9984606765107172
206,20,50,5,0.2,binary,Mom. Rev.,0.5763546798029556,1.6869624586506915,0.7818472111793797
207,20,50,5,0.2,binary,Strategy,0.46551724137931033,-0.5378528738451885,0.9902634935981962
208,20,50,5,0.2,continuous,Buy & Hold,0.5270935960591133,-0.44173780813578023,0.8316633607425912
209,20,50,5,0.2,continuous,Momentum,0.4236453201970443,-1.6869624586506915,0.9984606765107172
210,20,50,5,0.2,continuous,Mom. Rev.,0.5763546798029556,1.6869624586506915,0.7818472111793797
211,20,50,5,0.2,continuous,Strategy,0.46551724137931033,-0.5014475568890533,0.5106364188455801
212,20,50,5,0.2,trinary,Buy & Hold,0.5270935960591133,-0.44173780813578023,0.8316633607425912
213,20,50,5,0.2,trinary,Momentum,0.4236453201970443,-1.6869624586506915,0.9984606765107172
214,20,50,5,0.2,trinary,Mom. Rev.,0.5763546798029556,1.6869624586506915,0.7818472111793797
215,20,50,5,0.2,trinary,Strategy,0.09113300492610837,-0.13403386254250496,0.7511441428654126
216,20,100,1,0.05,binary,Buy & Hold,0.5270935960591133,-0.44173780813578023,0.8316633607425912
217,20,100,1,0.05,binary,Momentum,0.4236453201970443,-1.6869624586506915,0.9984606765107172
218,20,100,1,0.05,binary,Mom. Rev.,0.5763546798029556,1.6869624586506915,0.7818472111793797
219,20,100,1,0.05,binary,Strategy,0.47783251231527096,-1.5881085329259335,0.997929775502685
220,20,100,1,0.05,continuous,Buy & Hold,0.5270935960591133,-0.44173780813578023,0.8316633607425912
221,20,100,1,0.05,continuous,Momentum,0.4236453201970443,-1.6869624586506915,0.9984606765107172
222,20,100,1,0.05,continuous,Mom. Rev.,0.5763546798029556,1.6869624586506915,0.7818472111793797
223,20,100,1,0.05,continuous,Strategy,0.46798029556650245,-1.4770926167393323,0.31687907340340404
224,20,100,1,0.05,trinary,Buy & Hold,0.5270935960591133,-0.44173780813578023,0.8316633607425912
225,20,100,1,0.05,trinary,Momentum,0.4236453201970443,-1.6869624586506915,0.9984606765107172
226,20,100,1,0.05,trinary,Mom. Rev.,0.5763546798029556,1.6869624586506915,0.7818472111793797
227,20,100,1,0.05,trinary,Strategy,0.0024630541871921183,-1.4801803690787863,0.27073070623873297
228,20,100,1,0.1,binary,Buy & Hold,0.5270935960591133,-0.44173780813578023,0.8316633607425912
229,20,100,1,0.1,binary,Momentum,0.4236453201970443,-1.6869624586506915,0.9984606765107172
230,20,100,1,0.1,binary,Mom. Rev.,0.5763546798029556,1.6869624586506915,0.7818472111793797
231,20,100,1,0.1,binary,Strategy,0.43349753694581283,-1.5280718557406372,0.9971584487688708
232,20,100,1,0.1,continuous,Buy & Hold,0.5270935960591133,-0.44173780813578023,0.8316633607425912
233,20,100,1,0.1,continuous,Momentum,0.4236453201970443,-1.6869624586506915,0.9984606765107172
234,20,100,1,0.1,continuous,Mom. Rev.,0.5763546798029556,1.6869624586506915,0.7818472111793797
235,20,100,1,0.1,continuous,Strategy,0.43349753694581283,-0.6785806367288821,0.4023062327636685
236,20,100,1,0.1,trinary,Buy & Hold,0.5270935960591133,-0.44173780813578023,0.8316633607425912
237,20,100,1,0.1,trinary,Momentum,0.4236453201970443,-1.6869624586506915,0.9984606765107172
238,20,100,1,0.1,trinary,Mom. Rev.,0.5763546798029556,1.6869624586506915,0.7818472111793797
239,20,100,1,0.1,trinary,Strategy,0.014778325123152709,-1.1670794338644308,0.5068065249298321
240,20,100,1,0.2,binary,Buy & Hold,0.5270935960591133,-0.44173780813578023,0.8316633607425912
241,20,100,1,0.2,binary,Momentum,0.4236453201970443,-1.6869624586506915,0.9984606765107172
242,20,100,1,0.2,binary,Mom. Rev.,0.5763546798029556,1.6869624586506915,0.7818472111793797
243,20,100,1,0.2,binary,Strategy,0.5098522167487685,-0.2531743934602126,0.9750750647877336
244,20,100,1,0.2,continuous,Buy & Hold,0.5270935960591133,-0.44173780813578023,0.8316633607425912
245,20,100,1,0.2,continuous,Momentum,0.4236453201970443,-1.6869624586506915,0.9984606765107172
246,20,100,1,0.2,continuous,Mom. Rev.,0.5763546798029556,1.6869624586506915,0.7818472111793797
247,20,100,1,0.2,continuous,Strategy,0.5098522167487685,0.07154390156599262,0.36172301504831106
248,20,100,1,0.2,trinary,Buy & Hold,0.5270935960591133,-0.44173780813578023,0.8316633607425912
249,20,100,1,0.2,trinary,Momentum,0.4236453201970443,-1.6869624586506915,0.9984606765107172
250,20,100,1,0.2,trinary,Mom. Rev.,0.5763546798029556,1.6869624586506915,0.7818472111793797
251,20,100,1,0.2,trinary,Strategy,0.046798029556650245,-0.000305656747651675,0.3593172139580836
252,20,100,3,0.05,binary,Buy & Hold,0.5270935960591133,-0.44173780813578023,0.8316633607425912
253,20,100,3,0.05,binary,Momentum,0.4236453201970443,-1.6869624586506915,0.9984606765107172
254,20,100,3,0.05,binary,Mom. Rev.,0.5763546798029556,1.6869624586506915,0.7818472111793797
255,20,100,3,0.05,binary,Strategy,0.4975369458128079,-1.293852856806595,0.9958834283701057
256,20,100,3,0.05,continuous,Buy & Hold,0.5270935960591133,-0.44173780813578023,0.8316633607425912
257,20,100,3,0.05,continuous,Momentum,0.4236453201970443,-1.6869624586506915,0.9984606765107172
258,20,100,3,0.05,continuous,Mom. Rev.,0.5763546798029556,1.6869624586506915,0.7818472111793797
259,20,100,3,0.05,continuous,Strategy,0.4876847290640394,-1.6284460314833296,0.3090553290805649
260,20,100,3,0.05,trinary,Buy & Hold,0.5270935960591133,-0.44173780813578023,0.8316633607425912
261,20,100,3,0.05,trinary,Momentum,0.4236453201970443,-1.6869624586506915,0.9984606765107172
262,20,100,3,0.05,trinary,Mom. Rev.,0.5763546798029556,1.6869624586506915,0.7818472111793797
263,20,100,3,0.05,trinary,Strategy,0.0,-1.7677797310187455,0.2353145389123925
264,20,100,3,0.1,binary,Buy & Hold,0.5270935960591133,-0.44173780813578023,0.8316633607425912
265,20,100,3,0.1,binary,Momentum,0.4236453201970443,-1.6869624586506915,0.9984606765107172
266,20,100,3,0.1,binary,Mom. Rev.,0.5763546798029556,1.6869624586506915,0.7818472111793797
267,20,100,3,0.1,binary,Strategy,0.43596059113300495,-1.5916026159552976,0.9975153721328902
268,20,100,3,0.1,continuous,Buy & Hold,0.5270935960591133,-0.44173780813578023,0.8316633607425912
269,20,100,3,0.1,continuous,Momentum,0.4236453201970443,-1.6869624586506915,0.9984606765107172
270,20,100,3,0.1,continuous,Mom. Rev.,0.5763546798029556,1.6869624586506915,0.7818472111793797
271,20,100,3,0.1,continuous,Strategy,0.43596059113300495,-0.8520207082911639,0.4084835206797668
272,20,100,3,0.1,trinary,Buy & Hold,0.5270935960591133,-0.44173780813578023,0.8316633607425912
273,20,100,3,0.1,trinary,Momentum,0.4236453201970443,-1.6869624586506915,0.9984606765107172
274,20,100,3,0.1,trinary,Mom. Rev.,0.5763546798029556,1.6869624586506915,0.7818472111793797
275,20,100,3,0.1,trinary,Strategy,0.017241379310344827,-2.0098741023160787,0.6356871346826252
276,20,100,3,0.2,binary,Buy & Hold,0.5270935960591133,-0.44173780813578023,0.8316633607425912
277,20,100,3,0.2,binary,Momentum,0.4236453201970443,-1.6869624586506915,0.9984606765107172
278,20,100,3,0.2,binary,Mom. Rev.,0.5763546798029556,1.6869624586506915,0.7818472111793797
279,20,100,3,0.2,binary,Strategy,0.5073891625615764,-0.3643718263595089,0.9731095924386995
280,20,100,3,0.2,continuous,Buy & Hold,0.5270935960591133,-0.44173780813578023,0.8316633607425912
281,20,100,3,0.2,continuous,Momentum,0.4236453201970443,-1.6869624586506915,0.9984606765107172
282,20,100,3,0.2,continuous,Mom. Rev.,0.5763546798029556,1.6869624586506915,0.7818472111793797
283,20,100,3,0.2,continuous,Strategy,0.5049261083743842,0.1389037026635231,0.3801825416194863
284,20,100,3,0.2,trinary,Buy & Hold,0.5270935960591133,-0.44173780813578023,0.8316633607425912
285,20,100,3,0.2,trinary,Momentum,0.4236453201970443,-1.6869624586506915,0.9984606765107172
286,20,100,3,0.2,trinary,Mom. Rev.,0.5763546798029556,1.6869624586506915,0.7818472111793797
287,20,100,3,0.2,trinary,Strategy,0.05172413793103448,0.2511760229797312,0.35931721395808347
288,20,100,5,0.05,binary,Buy & Hold,0.5270935960591133,-0.44173780813578023,0.8316633607425912
289,20,100,5,0.05,binary,Momentum,0.4236453201970443,-1.6869624586506915,0.9984606765107172
290,20,100,5,0.05,binary,Mom. Rev.,0.5763546798029556,1.6869624586506915,0.7818472111793797
291,20,100,5,0.05,binary,Strategy,0.5147783251231527,-0.19862260832179018,0.9673620637101159
292,20,100,5,0.05,continuous,Buy & Hold,0.5270935960591133,-0.44173780813578023,0.8316633607425912
293,20,100,5,0.05,continuous,Momentum,0.4236453201970443,-1.6869624586506915,0.9984606765107172
294,20,100,5,0.05,continuous,Mom. Rev.,0.5763546798029556,1.6869624586506915,0.7818472111793797
295,20,100,5,0.05,continuous,Strategy,0.5024630541871922,-1.6935799722150742,0.29697283706811795
296,20,100,5,0.05,trinary,Buy & Hold,0.5270935960591133,-0.44173780813578023,0.8316633607425912
297,20,100,5,0.05,trinary,Momentum,0.4236453201970443,-1.6869624586506915,0.9984606765107172
298,20,100,5,0.05,trinary,Mom. Rev.,0.5763546798029556,1.6869624586506915,0.7818472111793797
299,20,100,5,0.05,trinary,Strategy,0.0,-2.0047810263034616,0.29790009654365734
300,20,100,5,0.1,binary,Buy & Hold,0.5270935960591133,-0.44173780813578023,0.8316633607425912
301,20,100,5,0.1,binary,Momentum,0.4236453201970443,-1.6869624586506915,0.9984606765107172
302,20,100,5,0.1,binary,Mom. Rev.,0.5763546798029556,1.6869624586506915,0.7818472111793797
303,20,100,5,0.1,binary,Strategy,0.46798029556650245,-0.2828201402974787,0.965813271964805
304,20,100,5,0.1,continuous,Buy & Hold,0.5270935960591133,-0.44173780813578023,0.8316633607425912
305,20,100,5,0.1,continuous,Momentum,0.4236453201970443,-1.6869624586506915,0.9984606765107172
306,20,100,5,0.1,continuous,Mom. Rev.,0.5763546798029556,1.6869624586506915,0.7818472111793797
307,20,100,5,0.1,continuous,Strategy,0.46798029556650245,-1.3065628199782964,0.4937768469144006
308,20,100,5,0.1,trinary,Buy & Hold,0.5270935960591133,-0.44173780813578023,0.8316633607425912
309,20,100,5,0.1,trinary,Momentum,0.4236453201970443,-1.6869624586506915,0.9984606765107172
310,20,100,5,0.1,trinary,Mom. Rev.,0.5763546798029556,1.6869624586506915,0.7818472111793797
311,20,100,5,0.1,trinary,Strategy,0.017241379310344827,0.07809822889079406,0.5029667296666379
312,20,100,5,0.2,binary,Buy & Hold,0.5270935960591133,-0.44173780813578023,0.8316633607425912
313,20,100,5,0.2,binary,Momentum,0.4236453201970443,-1.6869624586506915,0.9984606765107172
314,20,100,5,0.2,binary,Mom. Rev.,0.5763546798029556,1.6869624586506915,0.7818472111793797
315,20,100,5,0.2,binary,Strategy,0.49261083743842365,-1.007156544179616,0.9893270286681896
316,20,100,5,0.2,continuous,Buy & Hold,0.5270935960591133,-0.44173780813578023,0.8316633607425912
317,20,100,5,0.2,continuous,Momentum,0.4236453201970443,-1.6869624586506915,0.9984606765107172
318,20,100,5,0.2,continuous,Mom. Rev.,0.5763546798029556,1.6869624586506915,0.7818472111793797
319,20,100,5,0.2,continuous,Strategy,0.49261083743842365,-0.13023305777873362,0.4087538545156909
320,20,100,5,0.2,trinary,Buy & Hold,0.5270935960591133,-0.44173780813578023,0.8316633607425912
321,20,100,5,0.2,trinary,Momentum,0.4236453201970443,-1.6869624586506915,0.9984606765107172
322,20,100,5,0.2,trinary,Mom. Rev.,0.5763546798029556,1.6869624586506915,0.7818472111793797
323,20,100,5,0.2,trinary,Strategy,0.06157635467980296,-0.34764224703115854,0.5854438773676774
324,60,10,1,0.05,binary,Buy & Hold,0.5240506329113924,-0.9752051259965775,0.8264188961700726
325,60,10,1,0.05,binary,Momentum,0.4379746835443038,-0.6053309464281235,0.9709561485627788
326,60,10,1,0.05,binary,Mom. Rev.,0.5620253164556962,0.6053309464281235,0.9479627526489053
327,60,10,1,0.05,binary,Strategy,0.47341772151898737,-0.49145772408100064,0.9900739956749265
328,60,10,1,0.05,continuous,Buy & Hold,0.5240506329113924,-0.9752051259965775,0.8264188961700726
329,60,10,1,0.05,continuous,Momentum,0.4379746835443038,-0.6053309464281235,0.9709561485627788
330,60,10,1,0.05,continuous,Mom. Rev.,0.5620253164556962,0.6053309464281235,0.9479627526489053
331,60,10,1,0.05,continuous,Strategy,0.46329113924050636,-0.2812411671715996,0.5608727316487174
332,60,10,1,0.05,trinary,Buy & Hold,0.5240506329113924,-0.9752051259965775,0.8264188961700726
333,60,10,1,0.05,trinary,Momentum,0.4379746835443038,-0.6053309464281235,0.9709561485627788
334,60,10,1,0.05,trinary,Mom. Rev.,0.5620253164556962,0.6053309464281235,0.9479627526489053
335,60,10,1,0.05,trinary,Strategy,0.14430379746835442,-0.5062019214310082,0.7841908309691148
336,60,10,1,0.1,binary,Buy & Hold,0.5240506329113924,-0.9752051259965775,0.8264188961700726
337,60,10,1,0.1,binary,Momentum,0.4379746835443038,-0.6053309464281235,0.9709561485627788
338,60,10,1,0.1,binary,Mom. Rev.,0.5620253164556962,0.6053309464281235,0.9479627526489053
339,60,10,1,0.1,binary,Strategy,0.5012658227848101,0.8500453376236706,0.8372498528903852
340,60,10,1,0.1,continuous,Buy & Hold,0.5240506329113924,-0.9752051259965775,0.8264188961700726
341,60,10,1,0.1,continuous,Momentum,0.4379746835443038,-0.6053309464281235,0.9709561485627788
342,60,10,1,0.1,continuous,Mom. Rev.,0.5620253164556962,0.6053309464281235,0.9479627526489053
343,60,10,1,0.1,continuous,Strategy,0.49873417721518987,0.27064287785257657,0.4096133390597849
344,60,10,1,0.1,trinary,Buy & Hold,0.5240506329113924,-0.9752051259965775,0.8264188961700726
345,60,10,1,0.1,trinary,Momentum,0.4379746835443038,-0.6053309464281235,0.9709561485627788
346,60,10,1,0.1,trinary,Mom. Rev.,0.5620253164556962,0.6053309464281235,0.9479627526489053
347,60,10,1,0.1,trinary,Strategy,0.15443037974683543,-0.5000710947569267,0.8499654551871695
348,60,10,1,0.2,binary,Buy & Hold,0.5240506329113924,-0.9752051259965775,0.8264188961700726
349,60,10,1,0.2,binary,Momentum,0.4379746835443038,-0.6053309464281235,0.9709561485627788
350,60,10,1,0.2,binary,Mom. Rev.,0.5620253164556962,0.6053309464281235,0.9479627526489053
351,60,10,1,0.2,binary,Strategy,0.4962025316455696,-1.1264255262918723,0.9938918950382906
352,60,10,1,0.2,continuous,Buy & Hold,0.5240506329113924,-0.9752051259965775,0.8264188961700726
353,60,10,1,0.2,continuous,Momentum,0.4379746835443038,-0.6053309464281235,0.9709561485627788
354,60,10,1,0.2,continuous,Mom. Rev.,0.5620253164556962,0.6053309464281235,0.9479627526489053
355,60,10,1,0.2,continuous,Strategy,0.4962025316455696,-0.18911171743586164,0.4995962564448617
356,60,10,1,0.2,trinary,Buy & Hold,0.5240506329113924,-0.9752051259965775,0.8264188961700726
357,60,10,1,0.2,trinary,Momentum,0.4379746835443038,-0.6053309464281235,0.9709561485627788
358,60,10,1,0.2,trinary,Mom. Rev.,0.5620253164556962,0.6053309464281235,0.9479627526489053
359,60,10,1,0.2,trinary,Strategy,0.10886075949367088,0.5439175988598912,0.7885263515301056
360,60,10,3,0.05,binary,Buy & Hold,0.5240506329113924,-0.9752051259965775,0.8264188961700726
361,60,10,3,0.05,binary,Momentum,0.4379746835443038,-0.6053309464281235,0.9709561485627788
362,60,10,3,0.05,binary,Mom. Rev.,0.5620253164556962,0.6053309464281235,0.9479627526489053
363,60,10,3,0.05,binary,Strategy,0.4936708860759494,-0.36205496887475314,0.989984375307737
364,60,10,3,0.05,continuous,Buy & Hold,0.5240506329113924,-0.9752051259965775,0.8264188961700726
365,60,10,3,0.05,continuous,Momentum,0.4379746835443038,-0.6053309464281235,0.9709561485627788
366,60,10,3,0.05,continuous,Mom. Rev.,0.5620253164556962,0.6053309464281235,0.9479627526489053
367,60,10,3,0.05,continuous,Strategy,0.4835443037974684,-0.19347060704022798,0.5745559626475623
368,60,10,3,0.05,trinary,Buy & Hold,0.5240506329113924,-0.9752051259965775,0.8264188961700726
369,60,10,3,0.05,trinary,Momentum,0.4379746835443038,-0.6053309464281235,0.9709561485627788
370,60,10,3,0.05,trinary,Mom. Rev.,0.5620253164556962,0.6053309464281235,0.9479627526489053
371,60,10,3,0.05,trinary,Strategy,0.1518987341772152,-0.18723777173040598,0.6947805904846636
372,60,10,3,0.1,binary,Buy & Hold,0.5240506329113924,-0.9752051259965775,0.8264188961700726
373,60,10,3,0.1,binary,Momentum,0.4379746835443038,-0.6053309464281235,0.9709561485627788
374,60,10,3,0.1,binary,Mom. Rev.,0.5620253164556962,0.6053309464281235,0.9479627526489053
375,60,10,3,0.1,binary,Strategy,0.5012658227848101,0.9149152814201224,0.798449998745073
376,60,10,3,0.1,continuous,Buy & Hold,0.5240506329113924,-0.9752051259965775,0.8264188961700726
377,60,10,3,0.1,continuous,Momentum,0.4379746835443038,-0.6053309464281235,0.9709561485627788
378,60,10,3,0.1,continuous,Mom. Rev.,0.5620253164556962,0.6053309464281235,0.9479627526489053
379,60,10,3,0.1,continuous,Strategy,0.4962025316455696,0.2891840813997066,0.4607815906568844
380,60,10,3,0.1,trinary,Buy & Hold,0.5240506329113924,-0.9752051259965775,0.8264188961700726
381,60,10,3,0.1,trinary,Momentum,0.4379746835443038,-0.6053309464281235,0.9709561485627788
382,60,10,3,0.1,trinary,Mom. Rev.,0.5620253164556962,0.6053309464281235,0.9479627526489053
383,60,10,3,0.1,trinary,Strategy,0.17468354430379746,0.041425764432910524,0.7580346311620443
384,60,10,3,0.2,binary,Buy & Hold,0.5240506329113924,-0.9752051259965775,0.8264188961700726
385,60,10,3,0.2,binary,Momentum,0.4379746835443038,-0.6053309464281235,0.9709561485627788
386,60,10,3,0.2,binary,Mom. Rev.,0.5620253164556962,0.6053309464281235,0.9479627526489053
387,60,10,3,0.2,binary,Strategy,0.5063291139240507,-0.9824905327046679,0.9908860089849535
388,60,10,3,0.2,continuous,Buy & Hold,0.5240506329113924,-0.9752051259965775,0.8264188961700726
389,60,10,3,0.2,continuous,Momentum,0.4379746835443038,-0.6053309464281235,0.9709561485627788
390,60,10,3,0.2,continuous,Mom. Rev.,0.5620253164556962,0.6053309464281235,0.9479627526489053
391,60,10,3,0.2,continuous,Strategy,0.5063291139240507,-0.052745996423515414,0.5071409380083118
392,60,10,3,0.2,trinary,Buy & Hold,0.5240506329113924,-0.9752051259965775,0.8264188961700726
393,60,10,3,0.2,trinary,Momentum,0.4379746835443038,-0.6053309464281235,0.9709561485627788
394,60,10,3,0.2,trinary,Mom. Rev.,0.5620253164556962,0.6053309464281235,0.9479627526489053
395,60,10,3,0.2,trinary,Strategy,0.10632911392405063,0.6228183201514983,0.7560715873419674
396,60,10,5,0.05,binary,Buy & Hold,0.5240506329113924,-0.9752051259965775,0.8264188961700726
397,60,10,5,0.05,binary,Momentum,0.4379746835443038,-0.6053309464281235,0.9709561485627788
398,60,10,5,0.05,binary,Mom. Rev.,0.5620253164556962,0.6053309464281235,0.9479627526489053
399,60,10,5,0.05,binary,Strategy,0.5088607594936709,0.3063097789037263,0.9410853985105424
400,60,10,5,0.05,continuous,Buy & Hold,0.5240506329113924,-0.9752051259965775,0.8264188961700726
401,60,10,5,0.05,continuous,Momentum,0.4379746835443038,-0.6053309464281235,0.9709561485627788
402,60,10,5,0.05,continuous,Mom. Rev.,0.5620253164556962,0.6053309464281235,0.9479627526489053
403,60,10,5,0.05,continuous,Strategy,0.4936708860759494,0.17711932176654707,0.5965377879915938
404,60,10,5,0.05,trinary,Buy & Hold,0.5240506329113924,-0.9752051259965775,0.8264188961700726
405,60,10,5,0.05,trinary,Momentum,0.4379746835443038,-0.6053309464281235,0.9709561485627788
406,60,10,5,0.05,trinary,Mom. Rev.,0.5620253164556962,0.6053309464281235,0.9479627526489053
407,60,10,5,0.05,trinary,Strategy,0.18734177215189873,0.7290752625182865,0.6931240403891666
408,60,10,5,0.1,binary,Buy & Hold,0.5240506329113924,-0.9752051259965775,0.8264188961700726
409,60,10,5,0.1,binary,Momentum,0.4379746835443038,-0.6053309464281235,0.9709561485627788
410,60,10,5,0.1,binary,Mom. Rev.,0.5620253164556962,0.6053309464281235,0.9479627526489053
411,60,10,5,0.1,binary,Strategy,0.4936708860759494,0.77068384462189,0.8534264562277949
412,60,10,5,0.1,continuous,Buy & Hold,0.5240506329113924,-0.9752051259965775,0.8264188961700726
413,60,10,5,0.1,continuous,Momentum,0.4379746835443038,-0.6053309464281235,0.9709561485627788
414,60,10,5,0.1,continuous,Mom. Rev.,0.5620253164556962,0.6053309464281235,0.9479627526489053
415,60,10,5,0.1,continuous,Strategy,0.48860759493670886,0.12978319617483716,0.5110876449698681
416,60,10,5,0.1,trinary,Buy & Hold,0.5240506329113924,-0.9752051259965775,0.8264188961700726
417,60,10,5,0.1,trinary,Momentum,0.4379746835443038,-0.6053309464281235,0.9709561485627788
418,60,10,5,0.1,trinary,Mom. Rev.,0.5620253164556962,0.6053309464281235,0.9479627526489053
419,60,10,5,0.1,trinary,Strategy,0.19746835443037974,-0.23096227259661575,0.8907607260013253
420,60,10,5,0.2,binary,Buy & Hold,0.5240506329113924,-0.9752051259965775,0.8264188961700726
421,60,10,5,0.2,binary,Momentum,0.4379746835443038,-0.6053309464281235,0.9709561485627788
422,60,10,5,0.2,binary,Mom. Rev.,0.5620253164556962,0.6053309464281235,0.9479627526489053
423,60,10,5,0.2,binary,Strategy,0.5189873417721519,-0.5098303289347047,0.9874497812264098
424,60,10,5,0.2,continuous,Buy & Hold,0.5240506329113924,-0.9752051259965775,0.8264188961700726
425,60,10,5,0.2,continuous,Momentum,0.4379746835443038,-0.6053309464281235,0.9709561485627788
426,60,10,5,0.2,continuous,Mom. Rev.,0.5620253164556962,0.6053309464281235,0.9479627526489053
427,60,10,5,0.2,continuous,Strategy,0.5189873417721519,0.16663674449192725,0.524744628920217
428,60,10,5,0.2,trinary,Buy & Hold,0.5240506329113924,-0.9752051259965775,0.8264188961700726
429,60,10,5,0.2,trinary,Momentum,0.4379746835443038,-0.6053309464281235,0.9709561485627788
430,60,10,5,0.2,trinary,Mom. Rev.,0.5620253164556962,0.6053309464281235,0.9479627526489053
431,60,10,5,0.2,trinary,Strategy,0.13164556962025317,0.5134535996134746,0.7318649705443541
432,60,50,1,0.05,binary,Buy & Hold,0.5240506329113924,-0.9752051259965775,0.8264188961700726
433,60,50,1,0.05,binary,Momentum,0.4379746835443038,-0.6053309464281235,0.9709561485627788
434,60,50,1,0.05,binary,Mom. Rev.,0.5620253164556962,0.6053309464281235,0.9479627526489053
435,60,50,1,0.05,binary,Strategy,0.569620253164557,2.9378211480493985,0.654068633857125
436,60,50,1,0.05,continuous,Buy & Hold,0.5240506329113924,-0.9752051259965775,0.8264188961700726
437,60,50,1,0.05,continuous,Momentum,0.4379746835443038,-0.6053309464281235,0.9709561485627788
438,60,50,1,0.05,continuous,Mom. Rev.,0.5620253164556962,0.6053309464281235,0.9479627526489053
439,60,50,1,0.05,continuous,Strategy,0.5645569620253165,2.734943906067394,0.16465597784513308
440,60,50,1,0.05,trinary,Buy & Hold,0.5240506329113924,-0.9752051259965775,0.8264188961700726
441,60,50,1,0.05,trinary,Momentum,0.4379746835443038,-0.6053309464281235,0.9709561485627788
442,60,50,1,0.05,trinary,Mom. Rev.,0.5620253164556962,0.6053309464281235,0.9479627526489053
443,60,50,1,0.05,trinary,Strategy,0.09873417721518987,0.3588977466347555,0.3435662935475562
444,60,50,1,0.1,binary,Buy & Hold,0.5240506329113924,-0.9752051259965775,0.8264188961700726
445,60,50,1,0.1,binary,Momentum,0.4379746835443038,-0.6053309464281235,0.9709561485627788
446,60,50,1,0.1,binary,Mom. Rev.,0.5620253164556962,0.6053309464281235,0.9479627526489053
447,60,50,1,0.1,binary,Strategy,0.5392405063291139,0.791722046021996,0.9313291626940975
448,60,50,1,0.1,continuous,Buy & Hold,0.5240506329113924,-0.9752051259965775,0.8264188961700726
449,60,50,1,0.1,continuous,Momentum,0.4379746835443038,-0.6053309464281235,0.9709561485627788
450,60,50,1,0.1,continuous,Mom. Rev.,0.5620253164556962,0.6053309464281235,0.9479627526489053
451,60,50,1,0.1,continuous,Strategy,0.5392405063291139,1.9166499272469657,0.2835295401759448
452,60,50,1,0.1,trinary,Buy & Hold,0.5240506329113924,-0.9752051259965775,0.8264188961700726
453,60,50,1,0.1,trinary,Momentum,0.4379746835443038,-0.6053309464281235,0.9709561485627788
454,60,50,1,0.1,trinary,Mom. Rev.,0.5620253164556962,0.6053309464281235,0.9479627526489053
455,60,50,1,0.1,trinary,Strategy,0.14430379746835442,1.0420800917340496,0.6831906101491065
456,60,50,1,0.2,binary,Buy & Hold,0.5240506329113924,-0.9752051259965775,0.8264188961700726
457,60,50,1,0.2,binary,Momentum,0.4379746835443038,-0.6053309464281235,0.9709561485627788
458,60,50,1,0.2,binary,Mom. Rev.,0.5620253164556962,0.6053309464281235,0.9479627526489053
459,60,50,1,0.2,binary,Strategy,0.5392405063291139,1.4436369726722664,0.7763016694487505
460,60,50,1,0.2,continuous,Buy & Hold,0.5240506329113924,-0.9752051259965775,0.8264188961700726
461,60,50,1,0.2,continuous,Momentum,0.4379746835443038,-0.6053309464281235,0.9709561485627788
462,60,50,1,0.2,continuous,Mom. Rev.,0.5620253164556962,0.6053309464281235,0.9479627526489053
463,60,50,1,0.2,continuous,Strategy,0.5392405063291139,1.1239168820972814,0.2997417267334589
464,60,50,1,0.2,trinary,Buy & Hold,0.5240506329113924,-0.9752051259965775,0.8264188961700726
465,60,50,1,0.2,trinary,Momentum,0.4379746835443038,-0.6053309464281235,0.9709561485627788
466,60,50,1,0.2,trinary,Mom. Rev.,0.5620253164556962,0.6053309464281235,0.9479627526489053
467,60,50,1,0.2,trinary,Strategy,0.1468354430379747,0.1974670248257237,0.7924533121801662
468,60,50,3,0.05,binary,Buy & Hold,0.5240506329113924,-0.9752051259965775,0.8264188961700726
469,60,50,3,0.05,binary,Momentum,0.4379746835443038,-0.6053309464281235,0.9709561485627788
470,60,50,3,0.05,binary,Mom. Rev.,0.5620253164556962,0.6053309464281235,0.9479627526489053
471,60,50,3,0.05,binary,Strategy,0.5721518987341773,3.1732217628153805,0.6540686338571249
472,60,50,3,0.05,continuous,Buy & Hold,0.5240506329113924,-0.9752051259965775,0.8264188961700726
473,60,50,3,0.05,continuous,Momentum,0.4379746835443038,-0.6053309464281235,0.9709561485627788
474,60,50,3,0.05,continuous,Mom. Rev.,0.5620253164556962,0.6053309464281235,0.9479627526489053
475,60,50,3,0.05,continuous,Strategy,0.5670886075949367,2.58949067967823,0.17639129075359816
476,60,50,3,0.05,trinary,Buy & Hold,0.5240506329113924,-0.9752051259965775,0.8264188961700726
477,60,50,3,0.05,trinary,Momentum,0.4379746835443038,-0.6053309464281235,0.9709561485627788
478,60,50,3,0.05,trinary,Mom. Rev.,0.5620253164556962,0.6053309464281235,0.9479627526489053
479,60,50,3,0.05,trinary,Strategy,0.09367088607594937,0.15056838646186,0.41957778239639076
480,60,50,3,0.1,binary,Buy & Hold,0.5240506329113924,-0.9752051259965775,0.8264188961700726
481,60,50,3,0.1,binary,Momentum,0.4379746835443038,-0.6053309464281235,0.9709561485627788
482,60,50,3,0.1,binary,Mom. Rev.,0.5620253164556962,0.6053309464281235,0.9479627526489053
483,60,50,3,0.1,binary,Strategy,0.5594936708860759,1.109363423487034,0.8938464267186983
484,60,50,3,0.1,continuous,Buy & Hold,0.5240506329113924,-0.9752051259965775,0.8264188961700726
485,60,50,3,0.1,continuous,Momentum,0.4379746835443038,-0.6053309464281235,0.9709561485627788
486,60,50,3,0.1,continuous,Mom. Rev.,0.5620253164556962,0.6053309464281235,0.9479627526489053
487,60,50,3,0.1,continuous,Strategy,0.5594936708860759,2.191225311687876,0.23503660355868805
488,60,50,3,0.1,trinary,Buy & Hold,0.5240506329113924,-0.9752051259965775,0.8264188961700726
489,60,50,3,0.1,trinary,Momentum,0.4379746835443038,-0.6053309464281235,0.9709561485627788
490,60,50,3,0.1,trinary,Mom. Rev.,0.5620253164556962,0.6053309464281235,0.9479627526489053
491,60,50,3,0.1,trinary,Strategy,0.14430379746835442,2.0023800140848484,0.3912913297845805
492,60,50,3,0.2,binary,Buy & Hold,0.5240506329113924,-0.9752051259965775,0.8264188961700726
493,60,50,3,0.2,binary,Momentum,0.4379746835443038,-0.6053309464281235,0.9709561485627788
494,60,50,3,0.2,binary,Mom. Rev.,0.5620253164556962,0.6053309464281235,0.9479627526489053
495,60,50,3,0.2,binary,Strategy,0.5367088607594936,1.2520732266320858,0.7616174739463464
496,60,50,3,0.2,continuous,Buy & Hold,0.5240506329113924,-0.9752051259965775,0.8264188961700726
497,60,50,3,0.2,continuous,Momentum,0.4379746835443038,-0.6053309464281235,0.9709561485627788
498,60,50,3,0.2,continuous,Mom. Rev.,0.5620253164556962,0.6053309464281235,0.9479627526489053
499,60,50,3,0.2,continuous,Strategy,0.5367088607594936,1.4004161053577588,0.25547223770661975
500,60,50,3,0.2,trinary,Buy & Hold,0.5240506329113924,-0.9752051259965775,0.8264188961700726
501,60,50,3,0.2,trinary,Momentum,0.4379746835443038,-0.6053309464281235,0.9709561485627788
502,60,50,3,0.2,trinary,Mom. Rev.,0.5620253164556962,0.6053309464281235,0.9479627526489053
503,60,50,3,0.2,trinary,Strategy,0.14177215189873418,0.20019173916959632,0.7671125380451351
504,60,50,5,0.05,binary,Buy & Hold,0.5240506329113924,-0.9752051259965775,0.8264188961700726
505,60,50,5,0.05,binary,Momentum,0.4379746835443038,-0.6053309464281235,0.9709561485627788
506,60,50,5,0.05,binary,Mom. Rev.,0.5620253164556962,0.6053309464281235,0.9479627526489053
507,60,50,5,0.05,binary,Strategy,0.549367088607595,2.081935976952871,0.7957212064704853
508,60,50,5,0.05,continuous,Buy & Hold,0.5240506329113924,-0.9752051259965775,0.8264188961700726
509,60,50,5,0.05,continuous,Momentum,0.4379746835443038,-0.6053309464281235,0.9709561485627788
510,60,50,5,0.05,continuous,Mom. Rev.,0.5620253164556962,0.6053309464281235,0.9479627526489053
511,60,50,5,0.05,continuous,Strategy,0.5443037974683544,2.778836445097406,0.18019450753819555
512,60,50,5,0.05,trinary,Buy & Hold,0.5240506329113924,-0.9752051259965775,0.8264188961700726
513,60,50,5,0.05,trinary,Momentum,0.4379746835443038,-0.6053309464281235,0.9709561485627788
514,60,50,5,0.05,trinary,Mom. Rev.,0.5620253164556962,0.6053309464281235,0.9479627526489053
515,60,50,5,0.05,trinary,Strategy,0.0759493670886076,1.587937023765847,0.32114115281084665
516,60,50,5,0.1,binary,Buy & Hold,0.5240506329113924,-0.9752051259965775,0.8264188961700726
517,60,50,5,0.1,binary,Momentum,0.4379746835443038,-0.6053309464281235,0.9709561485627788
518,60,50,5,0.1,binary,Mom. Rev.,0.5620253164556962,0.6053309464281235,0.9479627526489053
519,60,50,5,0.1,binary,Strategy,0.5367088607594936,2.43698710801767,0.7688470884336073
520,60,50,5,0.1,continuous,Buy & Hold,0.5240506329113924,-0.9752051259965775,0.8264188961700726
521,60,50,5,0.1,continuous,Momentum,0.4379746835443038,-0.6053309464281235,0.9709561485627788
522,60,50,5,0.1,continuous,Mom. Rev.,0.5620253164556962,0.6053309464281235,0.9479627526489053
523,60,50,5,0.1,continuous,Strategy,0.5367088607594936,2.677081937478549,0.20690627707235132
524,60,50,5,0.1,trinary,Buy & Hold,0.5240506329113924,-0.9752051259965775,0.8264188961700726
525,60,50,5,0.1,trinary,Momentum,0.4379746835443038,-0.6053309464281235,0.9709561485627788
526,60,50,5,0.1,trinary,Mom. Rev.,0.5620253164556962,0.6053309464281235,0.9479627526489053
527,60,50,5,0.1,trinary,Strategy,0.10632911392405063,1.7983240613687208,0.4500029489882691
528,60,50,5,0.2,binary,Buy & Hold,0.5240506329113924,-0.9752051259965775,0.8264188961700726
529,60,50,5,0.2,binary,Momentum,0.4379746835443038,-0.6053309464281235,0.9709561485627788
530,60,50,5,0.2,binary,Mom. Rev.,0.5620253164556962,0.6053309464281235,0.9479627526489053
531,60,50,5,0.2,binary,Strategy,0.5417721518987342,1.7759835536096853,0.7532876120389699
532,60,50,5,0.2,continuous,Buy & Hold,0.5240506329113924,-0.9752051259965775,0.8264188961700726
533,60,50,5,0.2,continuous,Momentum,0.4379746835443038,-0.6053309464281235,0.9709561485627788
534,60,50,5,0.2,continuous,Mom. Rev.,0.5620253164556962,0.6053309464281235,0.9479627526489053
535,60,50,5,0.2,continuous,Strategy,0.5417721518987342,1.657855683903237,0.3123217804708591
536,60,50,5,0.2,trinary,Buy & Hold,0.5240506329113924,-0.9752051259965775,0.8264188961700726
537,60,50,5,0.2,trinary,Momentum,0.4379746835443038,-0.6053309464281235,0.9709561485627788
538,60,50,5,0.2,trinary,Mom. Rev.,0.5620253164556962,0.6053309464281235,0.9479627526489053
539,60,50,5,0.2,trinary,Strategy,0.1341772151898734,1.269220270186469,0.6821789072570121
540,60,100,1,0.05,binary,Buy & Hold,0.5240506329113924,-0.9752051259965775,0.8264188961700726
541,60,100,1,0.05,binary,Momentum,0.4379746835443038,-0.6053309464281235,0.9709561485627788
542,60,100,1,0.05,binary,Mom. Rev.,0.5620253164556962,0.6053309464281235,0.9479627526489053
543,60,100,1,0.05,binary,Strategy,0.5594936708860759,1.881923793628836,0.8310471741962804
544,60,100,1,0.05,continuous,Buy & Hold,0.5240506329113924,-0.9752051259965775,0.8264188961700726
545,60,100,1,0.05,continuous,Momentum,0.4379746835443038,-0.6053309464281235,0.9709561485627788
546,60,100,1,0.05,continuous,Mom. Rev.,0.5620253164556962,0.6053309464281235,0.9479627526489053
547,60,100,1,0.05,continuous,Strategy,0.5594936708860759,1.5766532902318784,0.25629532940565736
548,60,100,1,0.05,trinary,Buy & Hold,0.5240506329113924,-0.9752051259965775,0.8264188961700726
549,60,100,1,0.05,trinary,Momentum,0.4379746835443038,-0.6053309464281235,0.9709561485627788
550,60,100,1,0.05,trinary,Mom. Rev.,0.5620253164556962,0.6053309464281235,0.9479627526489053
551,60,100,1,0.05,trinary,Strategy,0.017721518987341773,0.050872412750500244,0.1730630157192089
552,60,100,1,0.1,binary,Buy & Hold,0.5240506329113924,-0.9752051259965775,0.8264188961700726
553,60,100,1,0.1,binary,Momentum,0.4379746835443038,-0.6053309464281235,0.9709561485627788
554,60,100,1,0.1,binary,Mom. Rev.,0.5620253164556962,0.6053309464281235,0.9479627526489053
555,60,100,1,0.1,binary,Strategy,0.5265822784810127,0.8648331571227026,0.9441514642072316
556,60,100,1,0.1,continuous,Buy & Hold,0.5240506329113924,-0.9752051259965775,0.8264188961700726
557,60,100,1,0.1,continuous,Momentum,0.4379746835443038,-0.6053309464281235,0.9709561485627788
558,60,100,1,0.1,continuous,Mom. Rev.,0.5620253164556962,0.6053309464281235,0.9479627526489053
559,60,100,1,0.1,continuous,Strategy,0.5265822784810127,0.799204923797033,0.3220172581458165
560,60,100,1,0.1,trinary,Buy & Hold,0.5240506329113924,-0.9752051259965775,0.8264188961700726
561,60,100,1,0.1,trinary,Momentum,0.4379746835443038,-0.6053309464281235,0.9709561485627788
562,60,100,1,0.1,trinary,Mom. Rev.,0.5620253164556962,0.6053309464281235,0.9479627526489053
563,60,100,1,0.1,trinary,Strategy,0.04556962025316456,0.4117668423076475,0.5548878538820929
564,60,100,1,0.2,binary,Buy & Hold,0.5240506329113924,-0.9752051259965775,0.8264188961700726
565,60,100,1,0.2,binary,Momentum,0.4379746835443038,-0.6053309464281235,0.9709561485627788
566,60,100,1,0.2,binary,Mom. Rev.,0.5620253164556962,0.6053309464281235,0.9479627526489053
567,60,100,1,0.2,binary,Strategy,0.5215189873417722,0.4068534579391581,0.9662622202233283
568,60,100,1,0.2,continuous,Buy & Hold,0.5240506329113924,-0.9752051259965775,0.8264188961700726
569,60,100,1,0.2,continuous,Momentum,0.4379746835443038,-0.6053309464281235,0.9709561485627788
570,60,100,1,0.2,continuous,Mom. Rev.,0.5620253164556962,0.6053309464281235,0.9479627526489053
571,60,100,1,0.2,continuous,Strategy,0.5215189873417722,1.1733447342366405,0.16929586037503408
572,60,100,1,0.2,trinary,Buy & Hold,0.5240506329113924,-0.9752051259965775,0.8264188961700726
573,60,100,1,0.2,trinary,Momentum,0.4379746835443038,-0.6053309464281235,0.9709561485627788
574,60,100,1,0.2,trinary,Mom. Rev.,0.5620253164556962,0.6053309464281235,0.9479627526489053
575,60,100,1,0.2,trinary,Strategy,0.08354430379746836,1.8867234172771714,0.22226627742785487
576,60,100,3,0.05,binary,Buy & Hold,0.5240506329113924,-0.9752051259965775,0.8264188961700726
577,60,100,3,0.05,binary,Momentum,0.4379746835443038,-0.6053309464281235,0.9709561485627788
578,60,100,3,0.05,binary,Mom. Rev.,0.5620253164556962,0.6053309464281235,0.9479627526489053
579,60,100,3,0.05,binary,Strategy,0.5721518987341773,2.450018386762662,0.8041180399279995
580,60,100,3,0.05,continuous,Buy & Hold,0.5240506329113924,-0.9752051259965775,0.8264188961700726
581,60,100,3,0.05,continuous,Momentum,0.4379746835443038,-0.6053309464281235,0.9709561485627788
582,60,100,3,0.05,continuous,Mom. Rev.,0.5620253164556962,0.6053309464281235,0.9479627526489053
583,60,100,3,0.05,continuous,Strategy,0.5721518987341773,1.7907790178431213,0.2373937064929318
584,60,100,3,0.05,trinary,Buy & Hold,0.5240506329113924,-0.9752051259965775,0.8264188961700726
585,60,100,3,0.05,trinary,Momentum,0.4379746835443038,-0.6053309464281235,0.9709561485627788
586,60,100,3,0.05,trinary,Mom. Rev.,0.5620253164556962,0.6053309464281235,0.9479627526489053
587,60,100,3,0.05,trinary,Strategy,0.020253164556962026,0.934583579058425,0.09587376459918273
588,60,100,3,0.1,binary,Buy & Hold,0.5240506329113924,-0.9752051259965775,0.8264188961700726
589,60,100,3,0.1,binary,Momentum,0.4379746835443038,-0.6053309464281235,0.9709561485627788
590,60,100,3,0.1,binary,Mom. Rev.,0.5620253164556962,0.6053309464281235,0.9479627526489053
591,60,100,3,0.1,binary,Strategy,0.529113924050633,1.4152187741916706,0.9130044372412743
592,60,100,3,0.1,continuous,Buy & Hold,0.5240506329113924,-0.9752051259965775,0.8264188961700726
593,60,100,3,0.1,continuous,Momentum,0.4379746835443038,-0.6053309464281235,0.9709561485627788
594,60,100,3,0.1,continuous,Mom. Rev.,0.5620253164556962,0.6053309464281235,0.9479627526489053
595,60,100,3,0.1,continuous,Strategy,0.529113924050633,0.9988367893849013,0.3075617173496489
596,60,100,3,0.1,trinary,Buy & Hold,0.5240506329113924,-0.9752051259965775,0.8264188961700726
597,60,100,3,0.1,trinary,Momentum,0.4379746835443038,-0.6053309464281235,0.9709561485627788
598,60,100,3,0.1,trinary,Mom. Rev.,0.5620253164556962,0.6053309464281235,0.9479627526489053
599,60,100,3,0.1,trinary,Strategy,0.04050632911392405,0.0859075624279353,0.5291620348893291
600,60,100,3,0.2,binary,Buy & Hold,0.5240506329113924,-0.9752051259965775,0.8264188961700726
601,60,100,3,0.2,binary,Momentum,0.4379746835443038,-0.6053309464281235,0.9709561485627788
602,60,100,3,0.2,binary,Mom. Rev.,0.5620253164556962,0.6053309464281235,0.9479627526489053
603,60,100,3,0.2,binary,Strategy,0.5367088607594936,1.3419437750145198,0.8736365109448693
604,60,100,3,0.2,continuous,Buy & Hold,0.5240506329113924,-0.9752051259965775,0.8264188961700726
605,60,100,3,0.2,continuous,Momentum,0.4379746835443038,-0.6053309464281235,0.9709561485627788
606,60,100,3,0.2,continuous,Mom. Rev.,0.5620253164556962,0.6053309464281235,0.9479627526489053
607,60,100,3,0.2,continuous,Strategy,0.5367088607594936,1.2690855124214968,0.18333620059069222
608,60,100,3,0.2,trinary,Buy & Hold,0.5240506329113924,-0.9752051259965775,0.8264188961700726
609,60,100,3,0.2,trinary,Momentum,0.4379746835443038,-0.6053309464281235,0.9709561485627788
610,60,100,3,0.2,trinary,Mom. Rev.,0.5620253164556962,0.6053309464281235,0.9479627526489053
611,60,100,3,0.2,trinary,Strategy,0.0759493670886076,1.6937795631437966,0.2589048841469149
612,60,100,5,0.05,binary,Buy & Hold,0.5240506329113924,-0.9752051259965775,0.8264188961700726
613,60,100,5,0.05,binary,Momentum,0.4379746835443038,-0.6053309464281235,0.9709561485627788
614,60,100,5,0.05,binary,Mom. Rev.,0.5620253164556962,0.6053309464281235,0.9479627526489053
615,60,100,5,0.05,binary,Strategy,0.5544303797468354,1.8419837617143902,0.931515730032519
616,60,100,5,0.05,continuous,Buy & Hold,0.5240506329113924,-0.9752051259965775,0.8264188961700726
617,60,100,5,0.05,continuous,Momentum,0.4379746835443038,-0.6053309464281235,0.9709561485627788
618,60,100,5,0.05,continuous,Mom. Rev.,0.5620253164556962,0.6053309464281235,0.9479627526489053
619,60,100,5,0.05,continuous,Strategy,0.5518987341772152,1.1905278239528905,0.25459921251986384
620,60,100,5,0.05,trinary,Buy & Hold,0.5240506329113924,-0.9752051259965775,0.8264188961700726
621,60,100,5,0.05,trinary,Momentum,0.4379746835443038,-0.6053309464281235,0.9709561485627788
622,60,100,5,0.05,trinary,Mom. Rev.,0.5620253164556962,0.6053309464281235,0.9479627526489053
623,60,100,5,0.05,trinary,Strategy,0.012658227848101266,0.22991292763162927,0.09143242644857452
624,60,100,5,0.1,binary,Buy & Hold,0.5240506329113924,-0.9752051259965775,0.8264188961700726
625,60,100,5,0.1,binary,Momentum,0.4379746835443038,-0.6053309464281235,0.9709561485627788
626,60,100,5,0.1,binary,Mom. Rev.,0.5620253164556962,0.6053309464281235,0.9479627526489053
627,60,100,5,0.1,binary,Strategy,0.5240506329113924,0.04630120257560239,0.9911240136618916
628,60,100,5,0.1,continuous,Buy & Hold,0.5240506329113924,-0.9752051259965775,0.8264188961700726
629,60,100,5,0.1,continuous,Momentum,0.4379746835443038,-0.6053309464281235,0.9709561485627788
630,60,100,5,0.1,continuous,Mom. Rev.,0.5620253164556962,0.6053309464281235,0.9479627526489053
631,60,100,5,0.1,continuous,Strategy,0.5240506329113924,0.39518819396020327,0.4701847287526604
632,60,100,5,0.1,trinary,Buy & Hold,0.5240506329113924,-0.9752051259965775,0.8264188961700726
633,60,100,5,0.1,trinary,Momentum,0.4379746835443038,-0.6053309464281235,0.9709561485627788
634,60,100,5,0.1,trinary,Mom. Rev.,0.5620253164556962,0.6053309464281235,0.9479627526489053
635,60,100,5,0.1,trinary,Strategy,0.043037974683544304,0.5244605989445967,0.5249891063961983
636,60,100,5,0.2,binary,Buy & Hold,0.5240506329113924,-0.9752051259965775,0.8264188961700726
637,60,100,5,0.2,binary,Momentum,0.4379746835443038,-0.6053309464281235,0.9709561485627788
638,60,100,5,0.2,binary,Mom. Rev.,0.5620253164556962,0.6053309464281235,0.9479627526489053
639,60,100,5,0.2,binary,Strategy,0.49873417721518987,0.17962222171457096,0.9170731275285297
640,60,100,5,0.2,continuous,Buy & Hold,0.5240506329113924,-0.9752051259965775,0.8264188961700726
641,60,100,5,0.2,continuous,Momentum,0.4379746835443038,-0.6053309464281235,0.9709561485627788
642,60,100,5,0.2,continuous,Mom. Rev.,0.5620253164556962,0.6053309464281235,0.9479627526489053
643,60,100,5,0.2,continuous,Strategy,0.49873417721518987,0.5476261991383452,0.2702124518151202
644,60,100,5,0.2,trinary,Buy & Hold,0.5240506329113924,-0.9752051259965775,0.8264188961700726
645,60,100,5,0.2,trinary,Momentum,0.4379746835443038,-0.6053309464281235,0.9709561485627788
646,60,100,5,0.2,trinary,Mom. Rev.,0.5620253164556962,0.6053309464281235,0.9479627526489053
647,60,100,5,0.2,trinary,Strategy,0.05569620253164557,1.0532777947596337,0.3470068049607601
648,120,10,1,0.05,binary,Buy & Hold,0.5264550264550265,-0.9714758501836795,0.7899935601831706
649,120,10,1,0.05,binary,Momentum,0.43386243386243384,-0.06031280004860672,0.9254832602627772
650,120,10,1,0.05,binary,Mom. Rev.,0.5661375661375662,0.06031280004860672,0.9873884195836554
651,120,10,1,0.05,binary,Strategy,0.5026455026455027,-0.08388438280618614,0.9563065576727182
652,120,10,1,0.05,continuous,Buy & Hold,0.5264550264550265,-0.9714758501836795,0.7899935601831706
653,120,10,1,0.05,continuous,Momentum,0.43386243386243384,-0.06031280004860672,0.9254832602627772
654,120,10,1,0.05,continuous,Mom. Rev.,0.5661375661375662,0.06031280004860672,0.9873884195836554
655,120,10,1,0.05,continuous,Strategy,0.4973544973544973,0.327558409065089,0.4914750905173849
656,120,10,1,0.05,trinary,Buy & Hold,0.5264550264550265,-0.9714758501836795,0.7899935601831706
657,120,10,1,0.05,trinary,Momentum,0.43386243386243384,-0.06031280004860672,0.9254832602627772
658,120,10,1,0.05,trinary,Mom. Rev.,0.5661375661375662,0.06031280004860672,0.9873884195836554
659,120,10,1,0.05,trinary,Strategy,0.18253968253968253,0.9057572125622757,0.46147699477912607
660,120,10,1,0.1,binary,Buy & Hold,0.5264550264550265,-0.9714758501836795,0.7899935601831706
661,120,10,1,0.1,binary,Momentum,0.43386243386243384,-0.06031280004860672,0.9254832602627772
662,120,10,1,0.1,binary,Mom. Rev.,0.5661375661375662,0.06031280004860672,0.9873884195836554
663,120,10,1,0.1,binary,Strategy,0.4708994708994709,-0.07375193027493175,0.9708519316796445
664,120,10,1,0.1,continuous,Buy & Hold,0.5264550264550265,-0.9714758501836795,0.7899935601831706
665,120,10,1,0.1,continuous,Momentum,0.43386243386243384,-0.06031280004860672,0.9254832602627772
666,120,10,1,0.1,continuous,Mom. Rev.,0.5661375661375662,0.06031280004860672,0.9873884195836554
667,120,10,1,0.1,continuous,Strategy,0.4708994708994709,0.11362403727895014,0.6344994766416655
668,120,10,1,0.1,trinary,Buy & Hold,0.5264550264550265,-0.9714758501836795,0.7899935601831706
669,120,10,1,0.1,trinary,Momentum,0.43386243386243384,-0.06031280004860672,0.9254832602627772
670,120,10,1,0.1,trinary,Mom. Rev.,0.5661375661375662,0.06031280004860672,0.9873884195836554
671,120,10,1,0.1,trinary,Strategy,0.1693121693121693,0.16211614963596951,0.802769145370307
672,120,10,1,0.2,binary,Buy & Hold,0.5264550264550265,-0.9714758501836795,0.7899935601831706
673,120,10,1,0.2,binary,Momentum,0.43386243386243384,-0.06031280004860672,0.9254832602627772
674,120,10,1,0.2,binary,Mom. Rev.,0.5661375661375662,0.06031280004860672,0.9873884195836554
675,120,10,1,0.2,binary,Strategy,0.5105820105820106,0.27632635877122635,0.9421235701393195
676,120,10,1,0.2,continuous,Buy & Hold,0.5264550264550265,-0.9714758501836795,0.7899935601831706
677,120,10,1,0.2,continuous,Momentum,0.43386243386243384,-0.06031280004860672,0.9254832602627772
678,120,10,1,0.2,continuous,Mom. Rev.,0.5661375661375662,0.06031280004860672,0.9873884195836554
679,120,10,1,0.2,continuous,Strategy,0.5105820105820106,0.8752287623016578,0.32219529854515605
680,120,10,1,0.2,trinary,Buy & Hold,0.5264550264550265,-0.9714758501836795,0.7899935601831706
681,120,10,1,0.2,trinary,Momentum,0.43386243386243384,-0.06031280004860672,0.9254832602627772
682,120,10,1,0.2,trinary,Mom. Rev.,0.5661375661375662,0.06031280004860672,0.9873884195836554
683,120,10,1,0.2,trinary,Strategy,0.11904761904761904,1.2535728376697939,0.4641428007996695
684,120,10,3,0.05,binary,Buy & Hold,0.5264550264550265,-0.9714758501836795,0.7899935601831706
685,120,10,3,0.05,binary,Momentum,0.43386243386243384,-0.06031280004860672,0.9254832602627772
686,120,10,3,0.05,binary,Mom. Rev.,0.5661375661375662,0.06031280004860672,0.9873884195836554
687,120,10,3,0.05,binary,Strategy,0.5,-0.14718130377115288,0.9728167315454076
688,120,10,3,0.05,continuous,Buy & Hold,0.5264550264550265,-0.9714758501836795,0.7899935601831706
689,120,10,3,0.05,continuous,Momentum,0.43386243386243384,-0.06031280004860672,0.9254832602627772
690,120,10,3,0.05,continuous,Mom. Rev.,0.5661375661375662,0.06031280004860672,0.9873884195836554
691,120,10,3,0.05,continuous,Strategy,0.4947089947089947,0.3351485710956505,0.5263406696594151
692,120,10,3,0.05,trinary,Buy & Hold,0.5264550264550265,-0.9714758501836795,0.7899935601831706
693,120,10,3,0.05,trinary,Momentum,0.43386243386243384,-0.06031280004860672,0.9254832602627772
694,120,10,3,0.05,trinary,Mom. Rev.,0.5661375661375662,0.06031280004860672,0.9873884195836554
695,120,10,3,0.05,trinary,Strategy,0.164021164021164,0.35573537055274823,0.7611000011505791
696,120,10,3,0.1,binary,Buy & Hold,0.5264550264550265,-0.9714758501836795,0.7899935601831706
697,120,10,3,0.1,binary,Momentum,0.43386243386243384,-0.06031280004860672,0.9254832602627772
698,120,10,3,0.1,binary,Mom. Rev.,0.5661375661375662,0.06031280004860672,0.9873884195836554
699,120,10,3,0.1,binary,Strategy,0.4708994708994709,-0.18050866221074907,0.979669401179205
700,120,10,3,0.1,continuous,Buy & Hold,0.5264550264550265,-0.9714758501836795,0.7899935601831706
701,120,10,3,0.1,continuous,Momentum,0.43386243386243384,-0.06031280004860672,0.9254832602627772
702,120,10,3,0.1,continuous,Mom. Rev.,0.5661375661375662,0.06031280004860672,0.9873884195836554
703,120,10,3,0.1,continuous,Strategy,0.4708994708994709,-0.005200677130328682,0.675994879312227
704,120,10,3,0.1,trinary,Buy & Hold,0.5264550264550265,-0.9714758501836795,0.7899935601831706
705,120,10,3,0.1,trinary,Momentum,0.43386243386243384,-0.06031280004860672,0.9254832602627772
706,120,10,3,0.1,trinary,Mom. Rev.,0.5661375661375662,0.06031280004860672,0.9873884195836554
707,120,10,3,0.1,trinary,Strategy,0.15343915343915343,-0.2668387515102247,0.8791440853688541
708,120,10,3,0.2,binary,Buy & Hold,0.5264550264550265,-0.9714758501836795,0.7899935601831706
709,120,10,3,0.2,binary,Momentum,0.43386243386243384,-0.06031280004860672,0.9254832602627772
710,120,10,3,0.2,binary,Mom. Rev.,0.5661375661375662,0.06031280004860672,0.9873884195836554
711,120,10,3,0.2,binary,Strategy,0.5079365079365079,0.25807636265462364,0.9400155112608782
712,120,10,3,0.2,continuous,Buy & Hold,0.5264550264550265,-0.9714758501836795,0.7899935601831706
713,120,10,3,0.2,continuous,Momentum,0.43386243386243384,-0.06031280004860672,0.9254832602627772
714,120,10,3,0.2,continuous,Mom. Rev.,0.5661375661375662,0.06031280004860672,0.9873884195836554
715,120,10,3,0.2,continuous,Strategy,0.5079365079365079,1.0008520941900199,0.33787448198501624
716,120,10,3,0.2,trinary,Buy & Hold,0.5264550264550265,-0.9714758501836795,0.7899935601831706
717,120,10,3,0.2,trinary,Momentum,0.43386243386243384,-0.06031280004860672,0.9254832602627772
718,120,10,3,0.2,trinary,Mom. Rev.,0.5661375661375662,0.06031280004860672,0.9873884195836554
719,120,10,3,0.2,trinary,Strategy,0.11904761904761904,1.4970215187792992,0.43747381432403887
720,120,10,5,0.05,binary,Buy & Hold,0.5264550264550265,-0.9714758501836795,0.7899935601831706
721,120,10,5,0.05,binary,Momentum,0.43386243386243384,-0.06031280004860672,0.9254832602627772
722,120,10,5,0.05,binary,Mom. Rev.,0.5661375661375662,0.06031280004860672,0.9873884195836554
723,120,10,5,0.05,binary,Strategy,0.47619047619047616,-0.4563733682099482,0.9839811343391901
724,120,10,5,0.05,continuous,Buy & Hold,0.5264550264550265,-0.9714758501836795,0.7899935601831706
725,120,10,5,0.05,continuous,Momentum,0.43386243386243384,-0.06031280004860672,0.9254832602627772
726,120,10,5,0.05,continuous,Mom. Rev.,0.5661375661375662,0.06031280004860672,0.9873884195836554
727,120,10,5,0.05,continuous,Strategy,0.4708994708994709,0.35701952516489055,0.6184605983783007
728,120,10,5,0.05,trinary,Buy & Hold,0.5264550264550265,-0.9714758501836795,0.7899935601831706
729,120,10,5,0.05,trinary,Momentum,0.43386243386243384,-0.06031280004860672,0.9254832602627772
730,120,10,5,0.05,trinary,Mom. Rev.,0.5661375661375662,0.06031280004860672,0.9873884195836554
731,120,10,5,0.05,trinary,Strategy,0.18783068783068782,0.08907689268927321,0.8471080875610606
732,120,10,5,0.1,binary,Buy & Hold,0.5264550264550265,-0.9714758501836795,0.7899935601831706
733,120,10,5,0.1,binary,Momentum,0.43386243386243384,-0.06031280004860672,0.9254832602627772
734,120,10,5,0.1,binary,Mom. Rev.,0.5661375661375662,0.06031280004860672,0.9873884195836554
735,120,10,5,0.1,binary,Strategy,0.48677248677248675,-0.32589998582765173,0.9853898194001989
736,120,10,5,0.1,continuous,Buy & Hold,0.5264550264550265,-0.9714758501836795,0.7899935601831706
737,120,10,5,0.1,continuous,Momentum,0.43386243386243384,-0.06031280004860672,0.9254832602627772
738,120,10,5,0.1,continuous,Mom. Rev.,0.5661375661375662,0.06031280004860672,0.9873884195836554
739,120,10,5,0.1,continuous,Strategy,0.48677248677248675,-0.20950078842193062,0.7645083300182883
740,120,10,5,0.1,trinary,Buy & Hold,0.5264550264550265,-0.9714758501836795,0.7899935601831706
741,120,10,5,0.1,trinary,Momentum,0.43386243386243384,-0.06031280004860672,0.9254832602627772
742,120,10,5,0.1,trinary,Mom. Rev.,0.5661375661375662,0.06031280004860672,0.9873884195836554
743,120,10,5,0.1,trinary,Strategy,0.18518518518518517,0.17118820688030276,0.8740994078436068
744,120,10,5,0.2,binary,Buy & Hold,0.5264550264550265,-0.9714758501836795,0.7899935601831706
745,120,10,5,0.2,binary,Momentum,0.43386243386243384,-0.06031280004860672,0.9254832602627772
746,120,10,5,0.2,binary,Mom. Rev.,0.5661375661375662,0.06031280004860672,0.9873884195836554
747,120,10,5,0.2,binary,Strategy,0.4894179894179894,0.1431170493092105,0.9685933120263859
748,120,10,5,0.2,continuous,Buy & Hold,0.5264550264550265,-0.9714758501836795,0.7899935601831706
749,120,10,5,0.2,continuous,Momentum,0.43386243386243384,-0.06031280004860672,0.9254832602627772
750,120,10,5,0.2,continuous,Mom. Rev.,0.5661375661375662,0.06031280004860672,0.9873884195836554
751,120,10,5,0.2,continuous,Strategy,0.4894179894179894,0.949559309768014,0.4627942267768266
752,120,10,5,0.2,trinary,Buy & Hold,0.5264550264550265,-0.9714758501836795,0.7899935601831706
753,120,10,5,0.2,trinary,Momentum,0.43386243386243384,-0.06031280004860672,0.9254832602627772
754,120,10,5,0.2,trinary,Mom. Rev.,0.5661375661375662,0.06031280004860672,0.9873884195836554
755,120,10,5,0.2,trinary,Strategy,0.1349206349206349,1.5365086543849797,0.3826105468761809
756,120,50,1,0.05,binary,Buy & Hold,0.5264550264550265,-0.9714758501836795,0.7899935601831706
757,120,50,1,0.05,binary,Momentum,0.43386243386243384,-0.06031280004860672,0.9254832602627772
758,120,50,1,0.05,binary,Mom. Rev.,0.5661375661375662,0.06031280004860672,0.9873884195836554
759,120,50,1,0.05,binary,Strategy,0.5132275132275133,1.587224551846928,0.9402035556182906
760,120,50,1,0.05,continuous,Buy & Hold,0.5264550264550265,-0.9714758501836795,0.7899935601831706
761,120,50,1,0.05,continuous,Momentum,0.43386243386243384,-0.06031280004860672,0.9254832602627772
762,120,50,1,0.05,continuous,Mom. Rev.,0.5661375661375662,0.06031280004860672,0.9873884195836554
763,120,50,1,0.05,continuous,Strategy,0.5132275132275133,1.1992449179439055,0.16355522799423683
764,120,50,1,0.05,trinary,Buy & Hold,0.5264550264550265,-0.9714758501836795,0.7899935601831706
765,120,50,1,0.05,trinary,Momentum,0.43386243386243384,-0.06031280004860672,0.9254832602627772
766,120,50,1,0.05,trinary,Mom. Rev.,0.5661375661375662,0.06031280004860672,0.9873884195836554
767,120,50,1,0.05,trinary,Strategy,0.05555555555555555,1.4482000858127804,0.20153667000001496
768,120,50,1,0.1,binary,Buy & Hold,0.5264550264550265,-0.9714758501836795,0.7899935601831706
769,120,50,1,0.1,binary,Momentum,0.43386243386243384,-0.06031280004860672,0.9254832602627772
770,120,50,1,0.1,binary,Mom. Rev.,0.5661375661375662,0.06031280004860672,0.9873884195836554
771,120,50,1,0.1,binary,Strategy,0.5026455026455027,0.9244756358476472,0.9219686231563781
772,120,50,1,0.1,continuous,Buy & Hold,0.5264550264550265,-0.9714758501836795,0.7899935601831706
773,120,50,1,0.1,continuous,Momentum,0.43386243386243384,-0.06031280004860672,0.9254832602627772
774,120,50,1,0.1,continuous,Mom. Rev.,0.5661375661375662,0.06031280004860672,0.9873884195836554
775,120,50,1,0.1,continuous,Strategy,0.5026455026455027,0.8005885599445933,0.44900239394832275
776,120,50,1,0.1,trinary,Buy & Hold,0.5264550264550265,-0.9714758501836795,0.7899935601831706
777,120,50,1,0.1,trinary,Momentum,0.43386243386243384,-0.06031280004860672,0.9254832602627772
778,120,50,1,0.1,trinary,Mom. Rev.,0.5661375661375662,0.06031280004860672,0.9873884195836554
779,120,50,1,0.1,trinary,Strategy,0.10317460317460317,0.8537380938882401,0.5738277816862164
780,120,50,1,0.2,binary,Buy & Hold,0.5264550264550265,-0.9714758501836795,0.7899935601831706
781,120,50,1,0.2,binary,Momentum,0.43386243386243384,-0.06031280004860672,0.9254832602627772
782,120,50,1,0.2,binary,Mom. Rev.,0.5661375661375662,0.06031280004860672,0.9873884195836554
783,120,50,1,0.2,binary,Strategy,0.5211640211640212,-0.16304078017027904,0.9927370308718514
784,120,50,1,0.2,continuous,Buy & Hold,0.5264550264550265,-0.9714758501836795,0.7899935601831706
785,120,50,1,0.2,continuous,Momentum,0.43386243386243384,-0.06031280004860672,0.9254832602627772
786,120,50,1,0.2,continuous,Mom. Rev.,0.5661375661375662,0.06031280004860672,0.9873884195836554
787,120,50,1,0.2,continuous,Strategy,0.5211640211640212,0.22663618518759385,0.6040987524111183
788,120,50,1,0.2,trinary,Buy & Hold,0.5264550264550265,-0.9714758501836795,0.7899935601831706
789,120,50,1,0.2,trinary,Momentum,0.43386243386243384,-0.06031280004860672,0.9254832602627772
790,120,50,1,0.2,trinary,Mom. Rev.,0.5661375661375662,0.06031280004860672,0.9873884195836554
791,120,50,1,0.2,trinary,Strategy,0.13756613756613756,0.3940893510162164,0.8103885500835202
792,120,50,3,0.05,binary,Buy & Hold,0.5264550264550265,-0.9714758501836795,0.7899935601831706
793,120,50,3,0.05,binary,Momentum,0.43386243386243384,-0.06031280004860672,0.9254832602627772
794,120,50,3,0.05,binary,Mom. Rev.,0.5661375661375662,0.06031280004860672,0.9873884195836554
795,120,50,3,0.05,binary,Strategy,0.5211640211640212,1.687065785245983,0.9380337736156301
796,120,50,3,0.05,continuous,Buy & Hold,0.5264550264550265,-0.9714758501836795,0.7899935601831706
797,120,50,3,0.05,continuous,Momentum,0.43386243386243384,-0.06031280004860672,0.9254832602627772
798,120,50,3,0.05,continuous,Mom. Rev.,0.5661375661375662,0.06031280004860672,0.9873884195836554
799,120,50,3,0.05,continuous,Strategy,0.5211640211640212,1.1938388420842283,0.15898216679907318
800,120,50,3,0.05,trinary,Buy & Hold,0.5264550264550265,-0.9714758501836795,0.7899935601831706
801,120,50,3,0.05,trinary,Momentum,0.43386243386243384,-0.06031280004860672,0.9254832602627772
802,120,50,3,0.05,trinary,Mom. Rev.,0.5661375661375662,0.06031280004860672,0.9873884195836554
803,120,50,3,0.05,trinary,Strategy,0.05291005291005291,1.0475586066530351,0.2107485466546679
804,120,50,3,0.1,binary,Buy & Hold,0.5264550264550265,-0.9714758501836795,0.7899935601831706
805,120,50,3,0.1,binary,Momentum,0.43386243386243384,-0.06031280004860672,0.9254832602627772
806,120,50,3,0.1,binary,Mom. Rev.,0.5661375661375662,0.06031280004860672,0.9873884195836554
807,120,50,3,0.1,binary,Strategy,0.4894179894179894,0.8117827457783496,0.9124269247740199
808,120,50,3,0.1,continuous,Buy & Hold,0.5264550264550265,-0.9714758501836795,0.7899935601831706
809,120,50,3,0.1,continuous,Momentum,0.43386243386243384,-0.06031280004860672,0.9254832602627772
810,120,50,3,0.1,continuous,Mom. Rev.,0.5661375661375662,0.06031280004860672,0.9873884195836554
811,120,50,3,0.1,continuous,Strategy,0.4894179894179894,0.9460214959950539,0.42587521936075645
812,120,50,3,0.1,trinary,Buy & Hold,0.5264550264550265,-0.9714758501836795,0.7899935601831706
813,120,50,3,0.1,trinary,Momentum,0.43386243386243384,-0.06031280004860672,0.9254832602627772
814,120,50,3,0.1,trinary,Mom. Rev.,0.5661375661375662,0.06031280004860672,0.9873884195836554
815,120,50,3,0.1,trinary,Strategy,0.10846560846560846,0.506239144680626,0.6559327091944729
816,120,50,3,0.2,binary,Buy & Hold,0.5264550264550265,-0.9714758501836795,0.7899935601831706
817,120,50,3,0.2,binary,Momentum,0.43386243386243384,-0.06031280004860672,0.9254832602627772
818,120,50,3,0.2,binary,Mom. Rev.,0.5661375661375662,0.06031280004860672,0.9873884195836554
819,120,50,3,0.2,binary,Strategy,0.5264550264550265,-0.08977327745824171,0.9906325117697611
820,120,50,3,0.2,continuous,Buy & Hold,0.5264550264550265,-0.9714758501836795,0.7899935601831706
821,120,50,3,0.2,continuous,Momentum,0.43386243386243384,-0.06031280004860672,0.9254832602627772
822,120,50,3,0.2,continuous,Mom. Rev.,0.5661375661375662,0.06031280004860672,0.9873884195836554
823,120,50,3,0.2,continuous,Strategy,0.5264550264550265,0.2594426547699571,0.5988650715128523
824,120,50,3,0.2,trinary,Buy & Hold,0.5264550264550265,-0.9714758501836795,0.7899935601831706
825,120,50,3,0.2,trinary,Momentum,0.43386243386243384,-0.06031280004860672,0.9254832602627772
826,120,50,3,0.2,trinary,Mom. Rev.,0.5661375661375662,0.06031280004860672,0.9873884195836554
827,120,50,3,0.2,trinary,Strategy,0.1349206349206349,0.5175110342265732,0.7915541190945381
828,120,50,5,0.05,binary,Buy & Hold,0.5264550264550265,-0.9714758501836795,0.7899935601831706
829,120,50,5,0.05,binary,Momentum,0.43386243386243384,-0.06031280004860672,0.9254832602627772
830,120,50,5,0.05,binary,Mom. Rev.,0.5661375661375662,0.06031280004860672,0.9873884195836554
831,120,50,5,0.05,binary,Strategy,0.5132275132275133,0.4613911658569075,0.9668528308672178
832,120,50,5,0.05,continuous,Buy & Hold,0.5264550264550265,-0.9714758501836795,0.7899935601831706
833,120,50,5,0.05,continuous,Momentum,0.43386243386243384,-0.06031280004860672,0.9254832602627772
834,120,50,5,0.05,continuous,Mom. Rev.,0.5661375661375662,0.06031280004860672,0.9873884195836554
835,120,50,5,0.05,continuous,Strategy,0.5132275132275133,0.004602745439980121,0.23103247803996374
836,120,50,5,0.05,trinary,Buy & Hold,0.5264550264550265,-0.9714758501836795,0.7899935601831706
837,120,50,5,0.05,trinary,Momentum,0.43386243386243384,-0.06031280004860672,0.9254832602627772
838,120,50,5,0.05,trinary,Mom. Rev.,0.5661375661375662,0.06031280004860672,0.9873884195836554
839,120,50,5,0.05,trinary,Strategy,0.015873015873015872,-0.24448048049485252,0.19759052640821806
840,120,50,5,0.1,binary,Buy & Hold,0.5264550264550265,-0.9714758501836795,0.7899935601831706
841,120,50,5,0.1,binary,Momentum,0.43386243386243384,-0.06031280004860672,0.9254832602627772
842,120,50,5,0.1,binary,Mom. Rev.,0.5661375661375662,0.06031280004860672,0.9873884195836554
843,120,50,5,0.1,binary,Strategy,0.5132275132275133,0.39911053729690765,0.9754279399907829
844,120,50,5,0.1,continuous,Buy & Hold,0.5264550264550265,-0.9714758501836795,0.7899935601831706
845,120,50,5,0.1,continuous,Momentum,0.43386243386243384,-0.06031280004860672,0.9254832602627772
846,120,50,5,0.1,continuous,Mom. Rev.,0.5661375661375662,0.06031280004860672,0.9873884195836554
847,120,50,5,0.1,continuous,Strategy,0.5132275132275133,0.17663401112248914,0.4833095091560411
848,120,50,5,0.1,trinary,Buy & Hold,0.5264550264550265,-0.9714758501836795,0.7899935601831706
849,120,50,5,0.1,trinary,Momentum,0.43386243386243384,-0.06031280004860672,0.9254832602627772
850,120,50,5,0.1,trinary,Mom. Rev.,0.5661375661375662,0.06031280004860672,0.9873884195836554
851,120,50,5,0.1,trinary,Strategy,0.09523809523809523,-0.9919785392015497,0.7983090288966211
852,120,50,5,0.2,binary,Buy & Hold,0.5264550264550265,-0.9714758501836795,0.7899935601831706
853,120,50,5,0.2,binary,Momentum,0.43386243386243384,-0.06031280004860672,0.9254832602627772
854,120,50,5,0.2,binary,Mom. Rev.,0.5661375661375662,0.06031280004860672,0.9873884195836554
855,120,50,5,0.2,binary,Strategy,0.4894179894179894,-0.8673695031916865,0.9972187541233963
856,120,50,5,0.2,continuous,Buy & Hold,0.5264550264550265,-0.9714758501836795,0.7899935601831706
857,120,50,5,0.2,continuous,Momentum,0.43386243386243384,-0.06031280004860672,0.9254832602627772
858,120,50,5,0.2,continuous,Mom. Rev.,0.5661375661375662,0.06031280004860672,0.9873884195836554
859,120,50,5,0.2,continuous,Strategy,0.4894179894179894,-0.5421079602455982,0.6399125975369834
860,120,50,5,0.2,trinary,Buy & Hold,0.5264550264550265,-0.9714758501836795,0.7899935601831706
861,120,50,5,0.2,trinary,Momentum,0.43386243386243384,-0.06031280004860672,0.9254832602627772
862,120,50,5,0.2,trinary,Mom. Rev.,0.5661375661375662,0.06031280004860672,0.9873884195836554
863,120,50,5,0.2,trinary,Strategy,0.10317460317460317,-0.3193969153658292,0.7960052346251337
864,120,100,1,0.05,binary,Buy & Hold,0.5264550264550265,-0.9714758501836795,0.7899935601831706
865,120,100,1,0.05,binary,Momentum,0.43386243386243384,-0.06031280004860672,0.9254832602627772
866,120,100,1,0.05,binary,Mom. Rev.,0.5661375661375662,0.06031280004860672,0.9873884195836554
867,120,100,1,0.05,binary,Strategy,0.5264550264550265,0.18668397198525388,0.9571263806127375
868,120,100,1,0.05,continuous,Buy & Hold,0.5264550264550265,-0.9714758501836795,0.7899935601831706
869,120,100,1,0.05,continuous,Momentum,0.43386243386243384,-0.06031280004860672,0.9254832602627772
870,120,100,1,0.05,continuous,Mom. Rev.,0.5661375661375662,0.06031280004860672,0.9873884195836554
871,120,100,1,0.05,continuous,Strategy,0.5238095238095238,0.31403214098725374,0.3442710890128865
872,120,100,1,0.05,trinary,Buy & Hold,0.5264550264550265,-0.9714758501836795,0.7899935601831706
873,120,100,1,0.05,trinary,Momentum,0.43386243386243384,-0.06031280004860672,0.9254832602627772
874,120,100,1,0.05,trinary,Mom. Rev.,0.5661375661375662,0.06031280004860672,0.9873884195836554
875,120,100,1,0.05,trinary,Strategy,0.015873015873015872,-0.5593694299894787,0.4659727862686769
876,120,100,1,0.1,binary,Buy & Hold,0.5264550264550265,-0.9714758501836795,0.7899935601831706
877,120,100,1,0.1,binary,Momentum,0.43386243386243384,-0.06031280004860672,0.9254832602627772
878,120,100,1,0.1,binary,Mom. Rev.,0.5661375661375662,0.06031280004860672,0.9873884195836554
879,120,100,1,0.1,binary,Strategy,0.5529100529100529,0.2808951536620301,0.9655392009393154
880,120,100,1,0.1,continuous,Buy & Hold,0.5264550264550265,-0.9714758501836795,0.7899935601831706
881,120,100,1,0.1,continuous,Momentum,0.43386243386243384,-0.06031280004860672,0.9254832602627772
882,120,100,1,0.1,continuous,Mom. Rev.,0.5661375661375662,0.06031280004860672,0.9873884195836554
883,120,100,1,0.1,continuous,Strategy,0.5529100529100529,0.20517947875854345,0.43767473322423056
884,120,100,1,0.1,trinary,Buy & Hold,0.5264550264550265,-0.9714758501836795,0.7899935601831706
885,120,100,1,0.1,trinary,Momentum,0.43386243386243384,-0.06031280004860672,0.9254832602627772
886,120,100,1,0.1,trinary,Mom. Rev.,0.5661375661375662,0.06031280004860672,0.9873884195836554
887,120,100,1,0.1,trinary,Strategy,0.03439153439153439,-0.4046918235196176,0.5737762672990484
888,120,100,1,0.2,binary,Buy & Hold,0.5264550264550265,-0.9714758501836795,0.7899935601831706
889,120,100,1,0.2,binary,Momentum,0.43386243386243384,-0.06031280004860672,0.9254832602627772
890,120,100,1,0.2,binary,Mom. Rev.,0.5661375661375662,0.06031280004860672,0.9873884195836554
891,120,100,1,0.2,binary,Strategy,0.5132275132275133,-1.1268852237606002,0.9981755621556393
892,120,100,1,0.2,continuous,Buy & Hold,0.5264550264550265,-0.9714758501836795,0.7899935601831706
893,120,100,1,0.2,continuous,Momentum,0.43386243386243384,-0.06031280004860672,0.9254832602627772
894,120,100,1,0.2,continuous,Mom. Rev.,0.5661375661375662,0.06031280004860672,0.9873884195836554
895,120,100,1,0.2,continuous,Strategy,0.5132275132275133,-0.7798588321923533,0.6494576194237135
896,120,100,1,0.2,trinary,Buy & Hold,0.5264550264550265,-0.9714758501836795,0.7899935601831706
897,120,100,1,0.2,trinary,Momentum,0.43386243386243384,-0.06031280004860672,0.9254832602627772
898,120,100,1,0.2,trinary,Mom. Rev.,0.5661375661375662,0.06031280004860672,0.9873884195836554
899,120,100,1,0.2,trinary,Strategy,0.06613756613756613,-0.47624911176838775,0.802842270037168
900,120,100,3,0.05,binary,Buy & Hold,0.5264550264550265,-0.9714758501836795,0.7899935601831706
901,120,100,3,0.05,binary,Momentum,0.43386243386243384,-0.06031280004860672,0.9254832602627772
902,120,100,3,0.05,binary,Mom. Rev.,0.5661375661375662,0.06031280004860672,0.9873884195836554
903,120,100,3,0.05,binary,Strategy,0.5264550264550265,0.18668397198525388,0.9571263806127375
904,120,100,3,0.05,continuous,Buy & Hold,0.5264550264550265,-0.9714758501836795,0.7899935601831706
905,120,100,3,0.05,continuous,Momentum,0.43386243386243384,-0.06031280004860672,0.9254832602627772
906,120,100,3,0.05,continuous,Mom. Rev.,0.5661375661375662,0.06031280004860672,0.9873884195836554
907,120,100,3,0.05,continuous,Strategy,0.5238095238095238,0.31403214098725374,0.3442710890128865
908,120,100,3,0.05,trinary,Buy & Hold,0.5264550264550265,-0.9714758501836795,0.7899935601831706
909,120,100,3,0.05,trinary,Momentum,0.43386243386243384,-0.06031280004860672,0.9254832602627772
910,120,100,3,0.05,trinary,Mom. Rev.,0.5661375661375662,0.06031280004860672,0.9873884195836554
911,120,100,3,0.05,trinary,Strategy,0.015873015873015872,-0.5593694299894787,0.4659727862686769
912,120,100,3,0.1,binary,Buy & Hold,0.5264550264550265,-0.9714758501836795,0.7899935601831706
913,120,100,3,0.1,binary,Momentum,0.43386243386243384,-0.06031280004860672,0.9254832602627772
914,120,100,3,0.1,binary,Mom. Rev.,0.5661375661375662,0.06031280004860672,0.9873884195836554
915,120,100,3,0.1,binary,Strategy,0.5396825396825397,-0.008693184491013499,0.9764542881233598
916,120,100,3,0.1,continuous,Buy & Hold,0.5264550264550265,-0.9714758501836795,0.7899935601831706
917,120,100,3,0.1,continuous,Momentum,0.43386243386243384,-0.06031280004860672,0.9254832602627772
918,120,100,3,0.1,continuous,Mom. Rev.,0.5661375661375662,0.06031280004860672,0.9873884195836554
919,120,100,3,0.1,continuous,Strategy,0.5396825396825397,0.2472698731105651,0.42051831258066064
920,120,100,3,0.1,trinary,Buy & Hold,0.5264550264550265,-0.9714758501836795,0.7899935601831706
921,120,100,3,0.1,trinary,Momentum,0.43386243386243384,-0.06031280004860672,0.9254832602627772
922,120,100,3,0.1,trinary,Mom. Rev.,0.5661375661375662,0.06031280004860672,0.9873884195836554
923,120,100,3,0.1,trinary,Strategy,0.026455026455026454,-0.44427962817499944,0.5670607046901054
924,120,100,3,0.2,binary,Buy & Hold,0.5264550264550265,-0.9714758501836795,0.7899935601831706
925,120,100,3,0.2,binary,Momentum,0.43386243386243384,-0.06031280004860672,0.9254832602627772
926,120,100,3,0.2,binary,Mom. Rev.,0.5661375661375662,0.06031280004860672,0.9873884195836554
927,120,100,3,0.2,binary,Strategy,0.5185185185185185,-0.8003599730999872,0.9964556451596907
928,120,100,3,0.2,continuous,Buy & Hold,0.5264550264550265,-0.9714758501836795,0.7899935601831706
929,120,100,3,0.2,continuous,Momentum,0.43386243386243384,-0.06031280004860672,0.9254832602627772
930,120,100,3,0.2,continuous,Mom. Rev.,0.5661375661375662,0.06031280004860672,0.9873884195836554
931,120,100,3,0.2,continuous,Strategy,0.5185185185185185,-0.719387767123412,0.6507019063616991
932,120,100,3,0.2,trinary,Buy & Hold,0.5264550264550265,-0.9714758501836795,0.7899935601831706
933,120,100,3,0.2,trinary,Momentum,0.43386243386243384,-0.06031280004860672,0.9254832602627772
934,120,100,3,0.2,trinary,Mom. Rev.,0.5661375661375662,0.06031280004860672,0.9873884195836554
935,120,100,3,0.2,trinary,Strategy,0.06878306878306878,-0.5439359413119709,0.7936085442299841
936,120,100,5,0.05,binary,Buy & Hold,0.5264550264550265,-0.9714758501836795,0.7899935601831706
937,120,100,5,0.05,binary,Momentum,0.43386243386243384,-0.06031280004860672,0.9254832602627772
938,120,100,5,0.05,binary,Mom. Rev.,0.5661375661375662,0.06031280004860672,0.9873884195836554
939,120,100,5,0.05,binary,Strategy,0.5158730158730159,1.2547640011574106,0.7986023948729666
940,120,100,5,0.05,continuous,Buy & Hold,0.5264550264550265,-0.9714758501836795,0.7899935601831706
941,120,100,5,0.05,continuous,Momentum,0.43386243386243384,-0.06031280004860672,0.9254832602627772
942,120,100,5,0.05,continuous,Mom. Rev.,0.5661375661375662,0.06031280004860672,0.9873884195836554
943,120,100,5,0.05,continuous,Strategy,0.5158730158730159,0.6451558520298236,0.3054810730428471
944,120,100,5,0.05,trinary,Buy & Hold,0.5264550264550265,-0.9714758501836795,0.7899935601831706
945,120,100,5,0.05,trinary,Momentum,0.43386243386243384,-0.06031280004860672,0.9254832602627772
946,120,100,5,0.05,trinary,Mom. Rev.,0.5661375661375662,0.06031280004860672,0.9873884195836554
947,120,100,5,0.05,trinary,Strategy,0.007936507936507936,-0.3315081930835518,0.40034253095739514
948,120,100,5,0.1,binary,Buy & Hold,0.5264550264550265,-0.9714758501836795,0.7899935601831706
949,120,100,5,0.1,binary,Momentum,0.43386243386243384,-0.06031280004860672,0.9254832602627772
950,120,100,5,0.1,binary,Mom. Rev.,0.5661375661375662,0.06031280004860672,0.9873884195836554
951,120,100,5,0.1,binary,Strategy,0.5105820105820106,0.10344356021033757,0.9833840588493761
952,120,100,5,0.1,continuous,Buy & Hold,0.5264550264550265,-0.9714758501836795,0.7899935601831706
953,120,100,5,0.1,continuous,Momentum,0.43386243386243384,-0.06031280004860672,0.9254832602627772
954,120,100,5,0.1,continuous,Mom. Rev.,0.5661375661375662,0.06031280004860672,0.9873884195836554
955,120,100,5,0.1,continuous,Strategy,0.5105820105820106,0.08514644137708446,0.3763948050744472
956,120,100,5,0.1,trinary,Buy & Hold,0.5264550264550265,-0.9714758501836795,0.7899935601831706
957,120,100,5,0.1,trinary,Momentum,0.43386243386243384,-0.06031280004860672,0.9254832602627772
958,120,100,5,0.1,trinary,Mom. Rev.,0.5661375661375662,0.06031280004860672,0.9873884195836554
959,120,100,5,0.1,trinary,Strategy,0.015873015873015872,-0.00540904115426241,0.40760781121606815
960,120,100,5,0.2,binary,Buy & Hold,0.5264550264550265,-0.9714758501836795,0.7899935601831706
961,120,100,5,0.2,binary,Momentum,0.43386243386243384,-0.06031280004860672,0.9254832602627772
962,120,100,5,0.2,binary,Mom. Rev.,0.5661375661375662,0.06031280004860672,0.9873884195836554
963,120,100,5,0.2,binary,Strategy,0.4947089947089947,-1.1918399945680829,0.9963067510911814
964,120,100,5,0.2,continuous,Buy & Hold,0.5264550264550265,-0.9714758501836795,0.7899935601831706
965,120,100,5,0.2,continuous,Momentum,0.43386243386243384,-0.06031280004860672,0.9254832602627772
966,120,100,5,0.2,continuous,Mom. Rev.,0.5661375661375662,0.06031280004860672,0.9873884195836554
967,120,100,5,0.2,continuous,Strategy,0.4947089947089947,-0.8310737767794136,0.5822802507616285
968,120,100,5,0.2,trinary,Buy & Hold,0.5264550264550265,-0.9714758501836795,0.7899935601831706
969,120,100,5,0.2,trinary,Momentum,0.43386243386243384,-0.06031280004860672,0.9254832602627772
970,120,100,5,0.2,trinary,Mom. Rev.,0.5661375661375662,0.06031280004860672,0.9873884195836554
971,120,100,5,0.2,trinary,Strategy,0.047619047619047616,-0.9886539184457994,0.665146009127655
